symbol,name,sector,score,signal,trend,momentum,money,value,close,lastDate,ret5,ret20,ret60,rs60,vsSma20,vsSma50,vsSma200,rsi,macdAboveSignal,adx,atrPct,cloud,fromHigh52,volRatio,support1,resistance1,netReal5B,netReal20B,power5,smt5B,liquidityB,eps,pe,sectorPE,peVsSector,entryLow,stop,target1,target2,rr,flags
شکربن,کربن‌ ایران‌,محصولات شیمیایی,88.2,قوی؛ نزدیک مقاومت، منتظر شکست یا پولبک,100,85,92.8,72,9810,20260922,14.1,22.9,64.3,24.5,11.6,24.1,58.4,74.3,true,40.4,3.16,above,-0.4,1.34,8940,,11.28,27.16,1.37,24.01,20.96,1486,6.6,9.63,-31.4,9500,8785,10430,11049,0.6,واگرایی منفی RSI
خکرمان,سرمایه گذاری آرمان گستر پاریز,خودرو و ساخت قطعات,85,قوی ولی پرشده؛ منتظر پولبک,100,70,84,80,11400,20260922,10.1,20,110.8,71,13.4,44.9,117.9,80.9,true,55.2,3.49,above,-2,1.86,10205,,50.94,48.27,2.26,-49.5,27.2,4303,2.65,5.87,-54.9,11002,10604,12196,12992,1,اشباع خرید
پارس,پتروشیمی پارس,محصولات شیمیایی,85,قوی؛ نزدیک مقاومت، منتظر شکست یا پولبک,100,75,88,72,2758,20260922,1.5,24.5,42.9,3.1,11.2,23.2,32.1,70.1,true,37.3,3.23,above,-5.8,1.13,2617,2798,20.96,295.46,4.35,4.07,98.91,492,5.61,9.63,-41.8,2669,2572,2798,2929,0.22,
ونفت,سرمایه‌گذاری‌ صنعت‌ نفت‌,فراورده های نفتی، کک و سوخت هسته ای,84.2,قوی؛ نزدیک مقاومت، منتظر شکست یا پولبک,100,85,68.8,80,11120,20260922,11.2,16.8,163,123.2,11,21.9,129.8,73.6,true,38.3,3.43,above,-3.7,1.41,10330,,23.93,26.67,1.41,-4.09,31.78,3216,3.46,6.26,-44.8,10739,10139,11882,12645,0.78,واگرایی منفی RSI
بترانس,ایران‌ ترانسفو,ماشین آلات و دستگاه‌های برقی,84,قوی؛ نزدیک مقاومت، منتظر شکست یا پولبک,88,80,98.5,68,3550,20260922,4.7,14.9,27.4,-12.4,7.2,14.8,46.1,65.7,true,18.2,3.48,above,-0.6,1.79,3330,,231.15,332.58,2.31,106.56,89.81,747,4.75,6.15,-22.7,3426,3268,3797,4044,0.88,
ثجنوب,سرمایه گذاری مسکن جنوب,انبوه سازی، املاک و مستغلات,83.3,ورود پله‌ای,100,80,69.2,80,19120,20260922,4.6,9.4,26,-13.8,6.5,11.3,62.8,62.8,true,26.7,3.78,above,-4.1,1.66,18345,,35.43,64.85,1.03,-1.8,20.56,6363,3,23.59,-87.3,18398,17984,20565,22010,1.27,واگرایی منفی RSI
البرز,بیمه البرز,بیمه وصندوق بازنشستگی به جزتامین اجتماعی,83,قوی ولی پرشده؛ منتظر پولبک,100,70,88,68,3082,20260922,9.9,47.2,60,20.2,18.4,40.7,60.7,86.4,true,61.2,3.09,above,0,0.71,2896,,11.68,138.28,3.98,19.51,27.98,758,4.07,4.59,-11.4,2987,2848,3272,3463,0.82,اشباع خرید | فاصله زیاد از MA20
شبصیر,تولیدات پتروشیمی قائد بصیر,محصولات شیمیایی,81.4,قوی؛ نزدیک مقاومت، منتظر شکست یا پولبک,100,75,73.4,72,15580,20260922,0.4,28.9,57.6,17.8,10.3,31.7,73.4,73,true,58.1,3.3,above,-2.6,1.01,13440,16000,5.2,48.86,1.02,6.82,30.69,2884,5.4,8.01,-32.6,15065,14551,16000,17029,0.41,
محتشم,نساجی هدیه البرز مشهد,منسوجات,81,قوی ولی پرشده؛ منتظر پولبک,100,85,99,37,16110,20260922,8.9,24,57.9,18.1,15.6,37.4,73.6,76.6,true,44.3,2.91,above,-2.7,2.21,13580,,35.94,105.1,11.56,192.29,52.76,1926,8.36,7.72,8.3,15641,15172,17048,17986,1,واگرایی منفی RSI | فاصله زیاد از MA20
کویر,تولیدی فولاد سپید فراب کویر,فلزات اساسی,80.5,قوی ولی پرشده؛ منتظر پولبک,100,70,84,62,2714,20260922,12.8,45.1,75.8,36,23.7,47.8,89.1,90.2,true,55,2.7,above,-2.6,2.39,1983,,38.36,170,3.68,-27.34,63.89,292,9.29,13.48,-31,2641,2567,2861,3007,1,اشباع خرید | فاصله زیاد از MA20
خپارس,پارس خودرو,خودرو و ساخت قطعات,80.3,قوی ولی پرشده؛ منتظر پولبک,100,60,73,,2172,20260922,9.9,56.8,120.7,80.9,21.6,55.7,127.2,91,true,61.8,2.97,above,-4.1,1.9,1216,,3.15,-6.4,1.97,80.18,64.18,,,,,2108,2043,2301,2430,1,اشباع خرید | فاصله زیاد از MA20 | بدون EPS مثبت
دی,بانک دی,بانکها و موسسات اعتباری,79.4,قوی ولی پرشده؛ منتظر پولبک,100,85,79.5,50,1686,20260922,7,11.4,65.6,25.8,13.6,32.4,85.3,75.8,true,28.3,3.14,above,0,0.95,1515,,54.48,16.44,7.45,378.46,152.15,414,4.07,,,1633,1580,1792,1898,1,
پکویر,کویر تایر,لاستیک و پلاستیک,79.3,قوی؛ نزدیک مقاومت، منتظر شکست یا پولبک,100,80,73,60,3710,20260922,6,15.3,25.4,-14.4,5.5,16.6,24.3,63.2,true,21.6,3.42,above,-5.4,0.92,3519,,64.67,102.34,2.2,-8.42,42.53,544,6.82,8.21,-16.9,3583,3455,3964,4218,1,
شغدیر,پتروشیمی غدیر,محصولات شیمیایی,78.5,قوی؛ نزدیک مقاومت، منتظر شکست یا پولبک,100,75,62.1,72,78260,20260922,2.6,6.7,218.4,178.6,5.6,31.8,105.7,67.1,false,64.8,3.46,above,-4.8,1.12,73675,,96.92,102.88,1.2,-10.85,82.98,12273,6.38,9.63,-33.8,75552,72321,83677,89093,0.91,واگرایی منفی RSI
بتهران,بیمه اتکایی تهران رواک,بیمه وصندوق بازنشستگی به جزتامین اجتماعی,78.3,قوی ولی پرشده؛ منتظر پولبک,100,70,75,62,8190,20260922,14.9,39.3,223.8,184,16,46.1,,84.4,true,78.3,2.81,above,0,0.56,7710,,8.88,24.91,3.49,-1.16,12.83,956,8.57,18.13,-52.7,7960,7595,8651,9111,0.77,واگرایی منفی RSI | اشباع خرید | فاصله زیاد از MA20
سمایه,بانک سرمایه,بانکها و موسسات اعتباری,78.2,قوی؛ نزدیک مقاومت، منتظر شکست یا پولبک,100,70,88.5,,5260,20260922,3.3,22.6,12.5,-27.3,5.3,10.7,23.9,63.2,true,24.7,3.85,above,-6.1,1.75,5145,5400,0.55,1.66,1.62,6.16,2.07,,,,,5145,5044,5400,5510,0.65,نقدشوندگی پایین | واگرایی منفی RSI | بدون EPS مثبت
شپدیس,پتروشیمی پردیس,محصولات شیمیایی,77.3,ورود پله‌ای,100,70,63.3,70,13460,20260922,4.3,26.3,4.2,-35.6,7.6,17,29,63.8,true,43.1,3.43,above,-17.2,1.96,13270,14050,696.39,1930.58,0.81,-680.94,623.46,1879,7.16,9.63,-25.6,13270,13039,14050,14460,1.4,
ثاخت,بین‌المللی‌توسعه‌ساختمان,انبوه سازی، املاک و مستغلات,77.2,ورود پله‌ای,90,65,68.8,80,749,20260922,-2,3.7,43.8,3.9,-1,9.1,46.3,54.9,false,29.2,3.63,above,-7.3,1.08,740,783,5.61,7.35,1.27,13.01,27.31,199,3.76,6.61,-43.1,740,726,783,808,1.5,
غمینو,شرکت صنایع غذایی مینو شرق,محصولات غذایی و آشامیدنی به جز قند و شکر,77.1,ورود پله‌ای,100,90,69.5,47,8750,20260922,-1.5,9.8,64.5,24.6,4.9,9.7,97.6,59.6,true,32.9,4.04,above,-7.9,1.18,8410,,63.89,96.92,0.82,1.24,31.28,1231,7.11,7.05,0.8,8410,8233,9457,10164,1.37,
نطرین,عطرین نخ قم,منسوجات,76.9,قوی ولی پرشده؛ منتظر پولبک,100,70,88.5,43,2460,20260922,15.8,30.3,64.5,24.7,23.3,32.7,93,85.4,true,33.1,2.76,above,0,0.17,2013,,4.54,14.88,17.04,7.41,9.48,196,12.55,14.29,-12.2,2392,2324,2596,2732,1,اشباع خرید | فاصله زیاد از MA20
ثپهران,توسعه ساختمان سپهر تهران,انبوه سازی، املاک و مستغلات,76.9,قوی ولی پرشده؛ منتظر پولبک,100,65,88.5,47,4730,20260922,13.4,22.2,24.2,-15.6,15.3,25.4,,79.7,true,31.7,2.84,above,-0.4,1.6,4326,,22.49,9.54,10.67,107.1,14.92,721,6.56,6.61,-0.8,4596,4461,4999,5268,1,واگرایی منفی RSI | اشباع خرید | فاصله زیاد از MA20
شپترو,پتروشیمی آبادان,محصولات شیمیایی,76.3,قوی ولی پرشده؛ منتظر پولبک,100,60,61,,2848,20260922,5.1,60.3,97.9,58.1,19.2,43,104,82.4,true,65.8,3,above,-6.3,2.54,1920,,-4.2,1.11,1.99,24.71,10.91,,,,,2763,2677,3019,3190,1,اشباع خرید | فاصله زیاد از MA20 | بدون EPS مثبت
سمگا,گروه سرمایه گذاری میراث فرهنگی,هتل و رستوران,76.2,ورود پله‌ای,100,65,64.7,68,3930,20260922,2.3,10.1,41.4,1.6,3.4,15.7,52.4,60.9,false,29.3,3.46,above,-3.9,1.63,3890,,85.2,85,0.89,-14.27,46.13,1002,3.92,4.69,-16.4,3890,3822,4202,4473,2.52,
بازرگام,پست پیشگامان,اطلاعات و ارتباطات,75.1,قوی ولی پرشده؛ منتظر پولبک,100,70,89.3,35,5090,20260922,9.5,33.6,62.2,22.3,14.2,32.6,40.6,81.7,true,43.2,3.23,above,-10.1,1.32,4936,5158,40.14,123.7,1.23,23.72,25.3,341,14.93,,,4936,4854,5158,5339,0.29,اشباع خرید
ورازی,بیمه رازی,بیمه وصندوق بازنشستگی به جزتامین اجتماعی,74,قوی ولی پرشده؛ منتظر پولبک,100,70,100,20,1745,20260922,15,36.9,108.5,68.7,25.7,42.8,82.4,88.3,true,45.6,2.92,above,0,1.91,1295,,10.72,21.22,2.03,27.77,5.69,18,96.94,,,1694,1643,1847,1949,1,اشباع خرید | فاصله زیاد از MA20
پاسا,ایران‌یاساتایرورابر,لاستیک و پلاستیک,73.3,قوی؛ نزدیک مقاومت، منتظر شکست یا پولبک,90,65,53,80,10190,20260922,-4.1,13.5,54.4,14.6,-0.3,21.1,68.7,59.4,false,52.6,3.95,above,-8.4,0.95,9910,10660,22.2,71.68,0.68,-44.83,30.98,2053,4.96,8.21,-39.5,9910,9709,10660,11120,0.98,واگرایی منفی RSI
حسیر,ریل سیر کوثر,حمل ونقل، انبارداری و ارتباطات,72.9,قوی ولی پرشده؛ منتظر پولبک,100,85,87.5,16,8080,20260922,7.3,19.4,62.3,22.5,11.6,30.7,87,78.6,true,60.7,3.39,above,-0.1,1.17,7360,,12.55,32.47,7.99,8.76,17.73,758,10.66,7.68,38.8,7806,7223,8629,9177,0.64,واگرایی منفی RSI | اشباع خرید
وساپا,سرمایه‌گذاری‌ سایپا,سرمایه گذاریها,72.8,قوی؛ نزدیک مقاومت، منتظر شکست یا پولبک,100,65,39,80,9580,20260922,2,20.8,62.9,23,6.7,30.1,71.6,69.4,false,45.7,3.74,above,-5.1,1.23,8870,,49.18,-28.3,0.88,-165.88,289.1,2887,3.32,7.13,-53.5,9221,8691,10297,11014,0.81,
پترول,گ.س.وت.ص.پتروشیمی خلیج فارس,محصولات شیمیایی,72.5,ورود پله‌ای,100,65,28,90,2498,20260922,-7.2,13.4,76.6,36.8,1.8,15.2,55.7,57.3,false,41.2,3.92,above,-11.6,0.9,2398,2825,-22.79,148.35,0.52,-91.61,73.42,710,3.52,9.63,-63.5,2400,2349,2825,3021,2.2,
وپارس,بانک‌پارسیان‌,بانکها و موسسات اعتباری,72.2,قوی ولی پرشده؛ منتظر پولبک,100,60,40.8,80,2308,20260922,3,49.8,111.8,72,15.3,47.1,113.2,82.6,true,77.5,3.31,above,-2.5,1.23,1244,2366,-270.88,485.45,0.93,-320,404.51,668,3.46,5.4,-36,2232,2155,2366,2519,0.38,اشباع خرید | فاصله زیاد از MA20
حآفرین,ریل پرداز نو آفرین,حمل ونقل، انبارداری و ارتباطات,72.1,ورود پله‌ای,100,65,26.5,90,2840,20260922,-13.2,32.7,73.4,33.6,2.7,32.8,89.2,60.1,false,66,3.5,above,-17.4,0.91,1834,3440,-67.77,161.5,0.27,-69.62,34.06,704,4.03,7.68,-47.5,2741,2641,3440,3639,3.02,
فارس,صنایع پتروشیمی خلیج فارس,محصولات شیمیایی,72,قوی ولی پرشده؛ منتظر پولبک,100,63,67.7,50,12470,20260922,2.2,58.2,36.7,-3.1,12.8,27.8,66.4,72.1,true,38.5,3.29,above,-4.4,1.54,10430,,110.99,1156.56,0.99,-416.97,445.93,1498,8.32,9.63,-13.6,12060,11651,13289,14109,1,
دلر,داروسازی‌ اکسیر,مواد و محصولات دارویی,72,قوی؛ نزدیک مقاومت، منتظر شکست یا پولبک,85,65,62,72,25220,20260922,-2.2,-5,104.3,64.4,-1.3,5.5,102.6,51.9,false,29.3,4.02,above,-11,0.55,24055,26000,23.62,-81.48,1.95,10.58,41.23,2845,8.86,12.91,-31.3,24206,23548,26000,27595,0.47,واگرایی منفی RSI | خروج مستمر پول حقیقی
ومشان,سرمایه گذاری مشانیر,سرمایه گذاریها,71.9,قوی ولی پرشده؛ منتظر پولبک,100,73,89,20,30380,20260922,22.3,20.1,36.5,-3.3,15.7,23.3,87.3,77.5,true,27.6,3.7,above,0,1.01,26683,,21.91,12.47,3.73,18.61,6.9,143,212.45,,,29255,28130,32630,34879,1,فاصله زیاد از MA20
قچار,فراوردههای غذایی وقند چهارمحال,قند و شکر,71.7,قوی؛ نزدیک مقاومت، منتظر شکست یا پولبک,100,90,44.7,50,5580,20260922,1.1,10.1,78.9,39.1,6.9,23.6,85.9,69.7,true,59.7,3.7,above,-4.6,1.17,5354,5850,2.94,12.22,0.87,-29.22,36.62,655,8.52,9.57,-11,5373,5250,5850,6263,0.82,
سرچشمه,سرمایه گذاری مس سرچشمه,سرمایه گذاریها,71.6,قوی ولی پرشده؛ منتظر پولبک,100,60,58.5,60,7990,20260922,6.4,63.4,122.3,82.5,20.6,44.1,100.5,85.8,true,65,2.92,above,-4.2,2.62,5566,,-27.4,215,1.84,-120.59,56.46,1231,6.49,8.73,-25.7,7757,7524,8456,8922,1,اشباع خرید | فاصله زیاد از MA20
اسیاتک,انتقال داده های آسیاتک,اطلاعات و ارتباطات,71.4,قوی؛ نزدیک مقاومت، منتظر شکست یا پولبک,90,65,45.4,80,4130,20260922,-5.9,6.4,74.1,34.3,-0.9,24.7,69.2,61,false,54.1,3.9,above,-7.8,0.65,3890,4470,0.56,4.95,0.9,-21.42,51.28,1000,4.13,7.97,-48.2,3969,3809,4470,4792,1.06,واگرایی منفی RSI
وملی,گروه‌ صنعتی‌ ملی‌ (هلدینگ‌,دباغی، پرداخت چرم و ساخت انواع پاپوش,71.1,ورود پله‌ای,100,70,73.5,35,285200,20260922,-5.4,16.5,21.6,-18.2,4.3,20.7,39.5,61.5,true,48.2,3.69,above,-10.8,1.23,267300,319700,8.22,21.25,2.49,-23.09,14.26,3197,89.21,87.3,2.2,274685,262042,319700,340731,1.49,
آریا,پلیمر آریا ساسول,محصولات شیمیایی,70.9,قوی ولی پرشده؛ منتظر پولبک,100,50,99.5,24,44470,20260922,12.7,43.1,25.4,-14.4,21.8,39.9,44.9,90.3,true,48.5,3.15,above,0,2.31,42434,,227.08,332.7,10.06,282.29,56.01,4878,9.12,8.01,13.8,43071,41735,47268,50066,1.02,اشباع خرید | فاصله زیاد از MA20
غمهرا,تولیدی‌مهرام‌,محصولات غذایی و آشامیدنی به جز قند و شکر,70.8,قوی؛ نزدیک مقاومت، منتظر شکست یا پولبک,100,90,54,37,20650,20260922,-0.6,16.5,61.9,22.1,7.3,13.4,87.4,62.8,true,33.5,3.64,above,-8.8,1.91,18850,,66.83,100.22,0.77,-40.17,19.64,2564,8.05,8.53,-5.6,19899,18474,22153,23656,0.69,
ارفع,شرکت آهن و فولاد ارفع,فلزات اساسی,70.5,قوی ولی پرشده؛ منتظر پولبک,100,70,59,47,14550,20260922,12.9,42.1,101.7,61.8,25.5,36.9,155.9,87.1,true,47.8,2.66,above,-0.1,2.02,11212,,-33.38,194.96,2.29,-84.59,48.63,1926,7.55,8.05,-6.2,14163,13777,15323,16096,1,واگرایی منفی RSI | اشباع خرید | فاصله زیاد از MA20
کایزد,فرانسوز یزد,سایر محصولات کانی غیرفلزی,70.5,قوی ولی پرشده؛ منتظر پولبک,100,70,89,17,3520,20260922,15,55.7,102.3,62.5,26.7,59.6,77.3,95.1,true,76.8,2.5,above,0,0.75,2633,,0.91,20.7,7.53,10.41,10.67,263,13.38,10.33,29.6,3432,3344,3696,3873,1,اشباع خرید | فاصله زیاد از MA20
فتوسا,تولید و توسعه سرب روی ایرانیان,فلزات اساسی,70.1,ورود پله‌ای,100,65,18.5,90,6520,20260922,-7.3,17.3,104.2,64.4,4.7,20.6,95.9,60.9,false,56.2,3.3,above,-11.3,2.12,5805,7350,-18.51,2.07,0.57,-31.13,15.14,1389,4.69,8.05,-41.7,6305,6090,7350,7780,1.93,
ثپردیس,سرمایه گذاری مسکن پردیس,انبوه سازی، املاک و مستغلات,69.9,زیر نظر,100,70,99.5,4,5120,20260922,12,32.3,76.2,36.4,16.3,34,75.1,82.8,true,63.2,3.22,above,-1.5,2.35,4370,,83.77,111.73,1.91,69.97,18.38,117,43.76,23.59,85.5,4955,4790,5450,5779,1,اشباع خرید | فاصله زیاد از MA20
گکوثر,هتل پارسیان کوثر اصفهان,هتل و رستوران,69.8,زیر نظر,100,70,99,4,5510,20260922,15.5,60.6,62,22.2,23.8,53.4,99.9,91.1,true,72.5,2.61,above,0,1.81,4660,,5.74,18.98,1.88,19.31,9.41,257,21.44,4.69,357.1,5366,5223,5797,6085,1,اشباع خرید | فاصله زیاد از MA20
وتوکا,سرمایه‌گذاری‌توکافولاد(هلدینگ,فلزات اساسی,69.3,زیر نظر,90,65,27,90,3520,20260922,-9.5,10,55.3,15.5,-2.5,23,44.8,55.7,false,54.4,3.63,above,-12.2,0.41,3290,3590,-13.25,72.22,0.57,-15.87,58.69,724,4.86,13.48,-63.9,3392,3226,3590,4010,0.24,واگرایی منفی RSI
فاما,صنعتی‌ آما,ساخت محصولات فلزی,69,زیر نظر,100,90,27,57,6530,20260922,-5.8,21.8,62.1,22.3,5.6,22.9,101.7,62.7,true,59.3,3.45,above,-11,1.06,5360,7340,-3.92,11,0.56,-3.83,9.21,922,7.08,7.54,-6.1,6304,6079,7340,7791,1.8,
کساوه,صنایع‌ کاشی‌ و سرامیک‌ سینا,کاشی و سرامیک,68.9,زیر نظر,100,90,23.5,60,30380,20260922,1.2,17.1,78.7,38.9,6,20.7,98.2,63.5,true,45.6,3.32,above,-7.4,1.08,29564,,-16.83,-9.36,1.7,-15.32,19.71,4425,6.87,7.65,-10.3,29564,29059,32400,34420,1.53,
فولاژ,فولاد آلیاژی ایران,فلزات اساسی,68.7,زیر نظر,100,65,52.6,50,6170,20260922,-2.8,13.2,67.4,27.6,0.3,20.3,67.4,60.3,false,59.4,3.59,above,-9.5,0.61,4960,6820,5.33,28.34,0.84,-5.42,24.5,541,11.4,13.48,-15.4,5949,5727,6820,7263,1.47,
ونیکی,سرمایه‌گذاری‌ ملی‌ایران‌,شرکتهای چند رشته ای صنعتی,68.6,زیر نظر,100,75,44.2,50,5660,20260922,4.4,37.8,60.2,20.4,14.4,32.9,66.9,76.9,true,46.7,3.11,above,-3.6,1.42,4745,,-2.68,56.72,1.03,-84.68,44.5,692,8.18,10.88,-24.8,5484,5308,6012,6363,1,
دلقما,دارویی‌ لقمان‌,مواد و محصولات دارویی,68.1,زیر نظر,85,65,46.5,72,9180,20260922,0.5,-16.4,199.8,160,-5.3,16.8,165.2,52.3,false,45.5,4.27,above,-20.8,0.48,2774,9430,16.91,-174.77,6.71,-6.11,112.11,1109,8.28,12.91,-35.9,8788,8396,9430,9630,0.32,خروج مستمر پول حقیقی
شفن,پتروشیمی فناوران,محصولات شیمیایی,68.1,زیر نظر,100,75,88.4,4,7230,20260922,2.7,27.1,89,49.2,12.9,33.4,53.3,76.9,true,59.6,3.19,above,-2.7,0.96,6707,7430,12.74,135.4,1.55,41.15,32.53,284,25.46,9.63,164.4,6999,6592,7430,7891,0.31,
خیمن,ایمن خودرو شرق,خودرو و ساخت قطعات,68,زیر نظر,65,50,64,90,4790,20260922,1.3,-8.1,79.3,39.4,-4.6,4,45.3,49.3,false,28.9,4.03,above,-15.2,0.97,4597,4930,17.99,-3.21,1.94,47.37,23.12,1533,3.12,5.87,-46.8,4597,4500,4930,5310,0.48,
نماد,گروه مالی نماد غدیر,سرمایه گذاریها,67.9,زیر نظر,100,45,35.5,80,3940,20260922,-2.5,14.2,28.3,-11.6,0.6,12.7,,55.8,false,37.2,3.92,above,-7.5,0.88,3710,4240,-25.4,-33.09,2.99,51.17,34.35,995,3.96,7.13,-44.5,3785,3633,4240,4549,0.98,
دتماد,تولیدمواداولیه‌داروپخش‌,مواد و محصولات دارویی,67.8,زیر نظر,85,55,65.4,60,52800,20260922,-3,-1.2,82.8,43,-5,8.6,109.3,51.2,false,39.2,3.79,above,-14.3,0.65,47090,61590,39.41,15.48,1.13,15.16,42.57,5718,9.23,12.91,-28.5,50798,48795,61590,65595,2.19,
فگستر,گسترش صنایع روی ایرانیان,فلزات اساسی,67.8,زیر نظر,100,65,17,82,10680,20260922,-12.2,33.7,184.8,145,3,29.1,167.1,61.5,false,74.6,3.02,above,-14.7,1.44,7790,12520,-20.44,8.94,0.45,-62.97,26.82,1905,5.61,8.05,-30.4,10358,10036,12520,13164,2.86,
سبزوا,سیمان لار سبزوار,سیمان، آهک و گچ,67.8,زیر نظر,100,60,99,4,12620,20260922,11.6,58.3,45.7,5.9,24.5,41.5,93.9,90.1,true,51.6,2.89,above,-0.1,2.36,9780,,4.72,31.97,1.76,73.08,15.83,615,20.52,6.69,206.7,12255,11890,13350,14081,1,اشباع خرید | فاصله زیاد از MA20
خبرنا,تولیدی برنا باطری,خودرو و ساخت قطعات,67.7,زیر نظر,100,45,78.9,36,8240,20260922,-1.3,15.7,20.9,-19,1,17.5,29,59.1,false,40.5,3.64,above,-10.4,0.8,7454,9200,1.02,58.52,1.24,12.93,30.16,1058,7.79,5.87,32.7,7940,7304,9200,9800,1.03,
کفپارس,فرآورده‌های‌ نسوز پارس‌,سایر محصولات کانی غیرفلزی,67.6,زیر نظر,100,65,26.5,72,5810,20260922,-7.2,11.3,57.2,17.4,0.4,18.1,78.6,55.5,false,53.4,3.67,above,-12.2,0.65,5665,5970,-8.62,18.91,0.47,-15.44,15.58,722,8.05,12.75,-36.9,5665,5558,5970,6620,0.64,
نوری,پتروشیمی نوری,محصولات شیمیایی,67.4,زیر نظر,100,70,84.5,9,51290,20260922,13.9,48.4,94,54.2,25,46.3,79.8,89,true,50.8,2.73,above,-0.3,2.25,38485,,259.57,1501.83,1.6,-631.84,360.99,3744,13.7,9.63,42.3,49891,48491,54089,56888,1,واگرایی منفی RSI | اشباع خرید | فاصله زیاد از MA20
حخزر,کشتیرانی دریای خزر,حمل و نقل آبی,67.3,زیر نظر,100,60,64.3,37,10490,20260922,6.6,49.6,203.1,163.3,20.2,49.9,188.6,87.7,true,77.2,2.87,above,-1.5,1.44,6430,,0.54,24.01,0.87,-23.53,24,944,11.11,10.49,5.9,10189,9889,11091,11693,1,واگرایی منفی RSI | اشباع خرید | فاصله زیاد از MA20
عالیس,بهار رز عالیس چناران,محصولات غذایی و آشامیدنی به جز قند و شکر,67.3,زیر نظر,90,45,55,70,5880,20260922,-3.8,9.3,28.9,-10.9,-1.1,8.7,55.8,52.1,false,35.2,4.34,above,-11.6,1.4,5660,6650,102.13,266.07,0.59,-60.2,41.27,1000,5.88,7.05,-16.6,5660,5532,6650,7160,2.22,
کماسه,تامین‌ ماسه‌ ریخته‌گری‌,استخراج سایر معادن,67,زیر نظر,100,50,83.1,25,5600,20260922,-2.6,39.3,103,63.1,9.8,47.4,103.6,76.1,false,79.8,3.25,above,-8,1.06,4269,6090,2.42,42.05,1.42,38.2,38.7,209,26.79,26.17,2.4,5418,5236,6090,6454,1.35,
ختور,رادیاتور ایران‌,خودرو و ساخت قطعات,67,زیر نظر,100,60,57.9,42,3830,20260922,4.6,38.9,99.2,59.4,14.5,35.8,89.6,81.3,true,65.6,3.37,above,-4.7,1.53,2780,,-28.02,26.83,1.02,0.57,26.3,715,5.36,,,3701,3572,4088,4347,1,واگرایی منفی RSI | اشباع خرید
الکتروماد,صنایع الکترونیک مادیران,ماشین آلات و تجهیزات,67,زیر نظر,90,65,17.9,90,4720,20260922,-7.6,4.4,101.2,61.4,-1,18.2,84.3,55.4,false,59.6,3.5,above,-12.1,0.88,4510,4790,-0.65,-8.57,0.83,5.23,19.23,957,4.93,9.66,-48.9,4555,4427,4790,5370,0.24,واگرایی منفی RSI
دابور,داروسازی‌ ابوریحان‌,مواد و محصولات دارویی,66.4,زیر نظر,100,65,43.5,50,65010,20260922,-1.2,21.7,79.1,39.3,7.9,24.1,99.9,69.9,false,53.1,4.02,above,-4,0.85,63800,67740,36.34,19.3,0.79,-30.37,41.05,6272,10.37,12.91,-19.7,63800,62493,67740,72967,1.08,واگرایی منفی RSI
بهپاک,صنعتی بهپاک,محصولات غذایی و آشامیدنی به جز قند و شکر,66.4,زیر نظر,90,30,43.5,90,15790,20260922,-8.2,4.1,9.3,-30.5,-4.8,3.7,76.4,46.2,false,22.1,3.95,above,-14,0.66,15450,16300,9.8,23.24,0.46,-41.29,35.47,3539,4.46,7.05,-36.7,15450,15138,16300,18360,0.78,
تاصیکو,سرمایه گذاری صدرتامین,استخراج کانه های فلزی,66.3,زیر نظر,100,70,85,4,29940,20260922,14.3,40,140.7,100.9,24.1,52.2,154,90.5,true,68.9,3.42,above,0,1.53,29400,,550.05,1242.87,2.02,-639.01,327.9,560,53.46,13.76,288.5,29400,28888,31988,34037,1.95,اشباع خرید | فاصله زیاد از MA20
فروی,ذوب روی اصفهان,فلزات اساسی,66.2,زیر نظر,100,90,54,19,2810,20260922,-5.4,15.2,69.6,29.8,4.6,21.4,60.8,61.5,true,54.1,3.21,above,-10.8,1.25,2625,3150,9.66,47.5,0.84,-2.29,10.78,186,15.11,8.05,87.7,2720,2580,3150,3330,1.48,
های وب,داده گسترعصرنوین-های وب,اطلاعات و ارتباطات,66.1,زیر نظر,100,45,42.2,,457,20260922,-6.4,19.9,29.5,-10.4,1.9,19.2,30.5,59.6,false,48.3,3.85,above,-27.1,0.83,432,499,4.22,3.64,0.81,-16.98,37.1,,,7.97,,439,423,499,545,1.24,بدون EPS مثبت
فولاد,فولاد مبارکه اصفهان,فلزات اساسی,65.9,زیر نظر,100,55,27.8,72,3260,20260922,1.1,25.4,-1.2,-41,11,22.2,36.9,71.1,true,42.7,3.45,above,-4.4,1.47,3094,3409,-393.98,107.46,0.81,-1561.37,1172.96,518,6.29,13.48,-53.3,3148,3038,3409,3633,0.67,
شاوان,پالایش نفت لاوان,فراورده های نفتی، کک و سوخت هسته ای,65.9,زیر نظر,100,60,58.5,37,53660,20260922,9.9,70.9,113,73.1,24.8,69.7,124.1,94.8,true,81.1,2.76,above,-1.1,1.93,31203,,-153.48,448.64,4.43,-63.35,114.19,6145,8.73,8.12,7.5,52177,50693,56627,59593,1,اشباع خرید | فاصله زیاد از MA20
کرومیت,توسعه معادن کرومیت کاوندگان,استخراج کانه های فلزی,65.6,زیر نظر,100,63,88,4,5590,20260922,-0.5,31.5,38.5,-1.3,12.5,31.2,39.8,73.1,true,59.1,3.25,above,-6.1,1.83,5029,5950,4.56,40.59,2.69,17.41,21.13,198,28.23,14.44,95.5,5408,5227,5950,6313,0.99,
فهامون,آلیاژ گستر هامون,فلزات اساسی,65.5,زیر نظر,100,70,49,37,4990,20260922,-5,12.1,3.4,-36.5,1.4,10.9,,56.3,true,35.9,3.87,above,-9.9,0.96,4720,5234,-3.66,41.56,1.06,36.45,23.56,596,8.37,8.05,4,4797,4623,5234,5540,0.66,
ونیرو,سرمایه‌گذاری‌نیرو,عرضه برق، گاز، بخاروآب گرم,65.3,زیر نظر,90,90,1,80,3780,20260922,-4.3,41.9,57.4,17.6,9.4,26.5,2.8,69.6,true,45,3.25,above,-37.7,1.3,3667,3868,-67.03,-64.05,0.64,-86.09,39.52,599,6.31,7.09,-11,3667,3606,3868,3931,0.5,خروج مستمر پول حقیقی
دارو,کارخانجات‌داروپخش‌,مواد و محصولات دارویی,65.1,زیر نظر,85,65,46.5,60,8090,20260922,-1,-8.8,111.4,71.6,-1.8,7.1,124.6,52.6,false,38.8,4.06,above,-13.9,0.7,7790,8850,20.03,-115.12,2.07,-9,79.37,841,9.62,12.91,-25.5,7790,7626,8850,9400,1.64,خروج مستمر پول حقیقی
فسپا,گروه‌صنعتی‌سپاهان‌,فلزات اساسی,65,زیر نظر,100,60,20,72,8010,20260922,3.2,36.2,168.5,128.6,16.1,48.5,179,83.9,true,75.7,3.08,above,-3.4,1.91,6130,,-67.36,-85.89,1.08,-124.86,51.56,1216,6.59,13.48,-51.1,7764,7517,8503,8995,1,اشباع خرید | فاصله زیاد از MA20 | خروج مستمر پول حقیقی
وبانک,سرمایه گذاری گروه توسعه ملی,شرکتهای چند رشته ای صنعتی,65,زیر نظر,100,65,16,72,11510,20260922,-4.7,27.9,40.9,1.1,2.6,20.7,61,61.9,false,56.8,3.96,above,-8.6,0.79,9270,12545,-71.71,133.72,0.7,-140.44,162.52,2109,5.46,10.88,-49.8,11055,10599,12545,13456,1.14,واگرایی منفی RSI
فنورد,نوردوقطعات‌ فولادی‌,فلزات اساسی,64.9,زیر نظر,90,65,17.5,82,11690,20260922,-10.1,14.4,73.1,33.2,-0.8,24,123.1,58.4,false,68.6,4.17,above,-12.8,0.62,10800,13400,-4,22.56,0.51,-34.7,25.89,1550,7.54,13.48,-44.1,11203,10556,13400,14375,1.51,واگرایی منفی RSI
فخوز,فولاد  خوزستان,فلزات اساسی,64.5,زیر نظر,100,75,48,30,2900,20260922,-2.3,51.7,63.1,23.2,15.7,28.8,79.8,71.7,true,46,3.59,above,-7.6,2.04,2454,3140,-1180.69,1009.27,1.98,-1512.34,302.33,222,13.06,13.48,-3.1,2796,2692,3140,3348,1.15,فاصله زیاد از MA20
شگویا,پتروشیمی تندگویان,محصولات شیمیایی,64.4,زیر نظر,100,60,73.5,16,12330,20260922,6.2,59.3,84,44.2,21.2,35.6,79,83.1,true,46.1,2.81,above,-0.1,1.89,10241,,-153.44,247.11,2.83,128.7,99.32,1099,11.22,8.01,40.1,11984,11638,13022,13714,1,اشباع خرید | فاصله زیاد از MA20
کاما,باما,استخراج کانه های فلزی,64.3,زیر نظر,90,50,27,82,5060,20260922,-11.2,0.6,53.7,13.9,-9,16.3,89.8,46.8,false,56.3,3.9,above,-18.6,0.49,3391,5300,8.86,-357.81,0.39,-132.91,159.9,786,6.44,13.76,-53.2,4863,4665,5300,6220,0.61,خروج مستمر پول حقیقی
چنوپا,نیوپان‌ 22 بهمن‌,محصولات چوبی,64,زیر نظر,63,80,76.5,40,17210,20260922,14.2,4.6,3.7,-36.2,7.4,13.7,-14.6,64.6,true,18.7,3.44,above,-48.2,0.85,16879,17439,9.28,1.89,2.05,9.03,10.16,620,27.76,,,16879,16583,17439,18660,0.37,
سیسکو,فولاد سیرجان ایرانیان,فلزات اساسی,64,زیر نظر,100,65,2,82,6190,20260922,-8.4,12.8,111.4,71.5,3,28.3,127.6,60.9,false,67.7,3.12,above,-11.1,1.5,5910,6960,-369.14,-555.86,0.6,-239.27,118.04,820,7.55,13.48,-44,5997,5813,6960,7346,2.04,خروج مستمر پول حقیقی
فجر,فولاد امیرکبیرکاشان,فلزات اساسی,64,زیر نظر,100,65,2,82,6760,20260922,-11.9,27.8,104.2,64.3,2.4,26,124.7,60.3,false,68.9,3.63,above,-13.3,1.38,5190,7800,-53.59,-3.57,0.55,-106.16,51.16,1065,6.35,13.48,-52.9,6514,6269,7800,8291,2.12,
وکغدیر,بین المللی توسعه ص. معادن غدیر,شرکتهای چند رشته ای صنعتی,63.9,زیر نظر,100,75,58.5,17,6800,20260922,0.6,36,103.5,63.7,13,46.1,95.7,77.9,true,72.2,3.12,above,-5,2.35,5440,7160,-98.32,400.29,1.83,-324.04,115.89,563,12.08,10.88,11,6588,6376,7160,7584,0.85,
فسازان,غلتک سازان سپاهان,فلزات اساسی,63.8,زیر نظر,100,65,1,82,13650,20260922,-11.9,22.8,94.8,55,1.1,20.1,145.9,57.4,false,64.8,3.41,above,-14.5,0.41,11580,15960,-24.43,-77.64,0.25,-44.79,40.94,2578,5.29,13.48,-60.7,13184,12718,15960,16892,2.48,خروج مستمر پول حقیقی
پیزد,مجتمع صنایع لاستیک یزد,لاستیک و پلاستیک,63.5,زیر نظر,100,60,26.1,60,11970,20260922,2.9,57.5,219.1,179.3,16.4,61.8,171.3,82.8,true,85.3,2.83,above,-5.2,1.64,5138,,-123.4,-135.09,1.35,-211.55,50.77,1599,7.49,9.84,-23.9,11631,11292,12648,13326,1,اشباع خرید | فاصله زیاد از MA20 | خروج مستمر پول حقیقی
غویتا,ویتانا,محصولات غذایی و آشامیدنی به جز قند و شکر,63.5,زیر نظر,100,53,1.5,90,5970,20260922,-11.7,15.7,37.1,-2.7,0.2,12,81.2,53.9,false,36.1,3.55,above,-13.1,1.01,5690,6870,-53.4,-55.5,0.43,-72.32,31.22,1338,4.46,7.05,-36.7,5758,5584,6870,7294,2.33,خروج مستمر پول حقیقی
تپکو,تولیدتجهیزات‌سنگین‌هپکو,ماشین آلات و تجهیزات,63.3,زیر نظر,100,53,27.5,,553,20260922,-12.1,30.1,32.3,-7.5,1.5,21.4,34.8,58.4,false,56,3.14,above,-13.9,0.88,510,642,-10.47,38.6,0.51,-55.37,30.08,,,,,536,501,642,677,1.72,بدون EPS مثبت
کرماشا,صنایع پتروشیمی کرمانشاه,محصولات شیمیایی,63.3,زیر نظر,100,70,27,50,29320,20260922,-4.3,24.1,25.3,-14.5,4.5,19,69.2,61.5,true,48.5,3.36,above,-9.8,1.38,29000,32490,-111.08,328.54,0.51,-261.02,107.59,3386,8.66,9.63,-10.1,29000,28507,32490,34461,3.9,
شیراز,پتروشیمی‌شیراز,محصولات شیمیایی,63.3,زیر نظر,100,45,27,70,70110,20260922,-6.9,16.8,-0.4,-40.3,0.1,5.8,43,51.6,false,31,4.25,above,-15.1,1.07,68464,71020,-67.67,116.43,0.76,-72.33,66.52,9681,7.24,9.63,-24.8,68464,66975,71020,75580,0.29,
ولغدر,لیزینگ‌خودروغدیر,سایر واسطه گریهای مالی,63.3,زیر نظر,100,65,77,4,3720,20260922,-1.3,23.2,69.2,29.4,5.6,28,52.4,67.2,false,64.3,3.55,above,-6.1,0.95,3180,3960,4.36,3.81,3.57,8.48,4.5,80,46.5,9.94,367.8,3588,3456,3960,4224,0.91,
آردینه,نشاسته و گلوکز آردینه,محصولات غذایی و آشامیدنی به جز قند و شکر,62.9,زیر نظر,90,50,46.6,57,31690,20260922,-10.6,2,46.9,7,-3.6,6.4,65,47.8,false,30.1,4.19,above,-14.3,0.54,31300,33080,-11.24,7.68,1.34,0.67,29.44,4668,6.79,7.05,-3.7,31300,30636,33080,36980,1.32,
خرینگ,رینگ‌سازی‌مشهد,خودرو و ساخت قطعات,62.7,زیر نظر,100,70,42.7,32,18190,20260922,8.6,28.2,62.3,22.5,15.2,35.4,65.7,85.2,true,67.2,3.63,above,-0.5,1.4,15750,,-0.11,-7.88,1.45,29.35,14.05,1668,10.91,,,17529,16869,19511,20833,1,اشباع خرید | فاصله زیاد از MA20
ومعادن,توسعه‌معادن‌وفلزات‌,استخراج کانه های فلزی,62.5,زیر نظر,100,65,18,60,3260,20260922,-11.2,16,58.6,18.8,3,23.3,65.1,58,false,52.2,4.06,above,-13.8,0.81,2965,3780,-354.55,133.17,0.26,-866.06,403.75,318,10.25,13.76,-25.5,3128,2898,3780,4045,1.44,
شکام,صنایع شیمیایی کیمیاگران امروز,محصولات شیمیایی,62.4,زیر نظر,100,65,20.5,57,9980,20260922,-3.2,16.5,116.1,76.2,0.9,26.8,138.2,61.3,false,53.4,3.97,above,-10.3,0.55,8320,11080,-63.47,-79.69,1.66,-82.44,117.05,1258,7.93,8.01,-1,9583,9187,11080,11873,1.39,
سدور,سیمان‌ دورود,سیمان، آهک و گچ,62.3,زیر نظر,100,50,27,,34130,20260922,-5.6,42.5,94.9,55.1,8.6,39.9,95.4,70.5,false,70.5,3.57,above,-8.3,1.11,25890,37220,-1.57,47.07,0.54,-24.34,13.44,,,7.14,,32910,31691,37220,39659,1.27,بدون EPS مثبت
فصبا,صبا فولاد خلیج فارس,فلزات اساسی,62.2,زیر نظر,100,78,62.5,4,3800,20260922,-1.3,30.9,37.2,-2.6,10.4,25,45.4,68.9,true,40.6,3.36,above,-6.6,1.88,3090,4070,-6.6,29.48,3.16,84.44,21.68,178,21.35,8.05,165.2,3672,3545,4070,4325,1.06,
سپید,سپید ماکیان,زراعت و خدمات وابسته,62,زیر نظر,90,40,30,78,43320,20260922,-6.5,-0.9,61.8,22,-5.3,11,136.5,49.7,false,42,3.86,above,-13.7,0.98,42705,47230,8.84,-281.67,0.94,-73.72,154.71,9010,4.81,6.33,-24,42705,41869,47230,50220,2.7,واگرایی منفی RSI | خروج مستمر پول حقیقی
جم,پتروشیمی جم,محصولات شیمیایی,61.9,زیر نظر,100,75,58.7,9,65230,20260922,2.5,29.8,57.7,17.8,9.7,35.8,50.8,75.3,true,58,3.68,above,-3.3,0.81,62300,67480,-4.94,140.64,1.47,34.54,48.03,4968,13.13,9.63,36.3,62829,61100,67480,72282,0.54,
خزامیا,زامیاد,خودرو و ساخت قطعات,61.9,زیر نظر,100,65,55.5,20,1729,20260922,4,18,52.4,12.5,4.7,24.7,47.5,66.8,false,45,3.45,above,-1.4,1.08,1601,1754,45.22,-35.77,1.32,87.83,153.11,85,20.34,,,1669,1571,1754,1873,0.16,واگرایی منفی RSI
بکاب,صنایع‌جوشکاب‌یزد,ماشین آلات و دستگاه‌های برقی,61.9,زیر نظر,100,70,52.5,19,12980,20260922,-7.6,21.2,26.9,-12.9,4.1,19.9,48.2,59.2,true,45.5,3.67,above,-12.4,1.04,12740,13510,1.07,17.63,0.76,-1.4,7.33,1077,12.05,6.15,96,12740,12502,13510,14820,1.11,
فسبزوار,پارس فولاد سبزوار,فلزات اساسی,61.8,زیر نظر,100,65,3.2,72,73470,20260922,-7.5,4.8,42.6,2.8,0.5,7.7,60.4,52.3,false,27.6,3.72,above,-9.2,0.9,68930,74940,-36.45,-34.28,0.87,-66.15,65.95,14489,5.07,13.48,-62.4,70735,67563,74940,80950,0.25,واگرایی منفی RSI
داترا,آترا زیست آرای,مواد و محصولات دارویی,61.8,زیر نظر,90,55,33.1,62,6580,20260922,-6.9,-3.7,47.4,7.6,-1.6,12.6,,53.3,false,40.7,4.15,above,-9.6,0.61,6430,7015,-19.45,-46.64,1.46,17.08,39.83,777,8.47,12.91,-34.4,6430,6293,7015,7265,1.52,خروج مستمر پول حقیقی
فزرین,زرین معدن آسیا,فلزات اساسی,61.5,زیر نظر,100,65,27,47,9560,20260922,-11.2,37.2,152.4,112.6,4.2,32.5,142.6,63.6,false,74.4,2.96,above,-13.7,1.48,6630,11080,-11.3,99.69,0.22,-85.19,15.63,1184,8.07,8.05,0.3,9277,8994,11080,11646,2.69,
توسن,توسعه سامانه ی نرم افزاری نگین,رایانه و فعالیت‌های وابسته به آن,61.3,زیر نظر,90,65,3.2,82,11740,20260922,-3.1,15.2,129.8,90,-0.6,16.3,141.8,57.4,false,58.5,3.94,above,-12,1.25,11480,13340,-42.44,-58.03,0.85,-36.24,40.98,2242,5.24,8.89,-41.1,11480,11249,13340,14264,3.26,خروج مستمر پول حقیقی
سامان,بانک سامان,بانکها و موسسات اعتباری,61.1,زیر نظر,100,65,0.5,72,8490,20260922,0.1,6,66.1,26.2,2,12.7,111,61.7,false,48.6,2.97,above,-3.3,0.81,7960,8747,-202.46,-830.53,0.37,-181.41,92.95,1396,6.08,12.04,-49.5,8237,7834,8747,9252,0.39,خروج مستمر پول حقیقی
ثبهساز,بهساز کاشانه تهران,انبوه سازی، املاک و مستغلات,61,زیر نظر,50,20,78,90,1784,20260922,-9.5,-4.6,16.3,-23.5,-7.6,-0.4,40.7,40.3,false,16.8,4.01,above,-12.4,0.99,1726,1842,25.02,23.32,1.96,48.35,29.94,655,2.72,6.61,-58.8,1726,1690,1842,1920,0.62,
شپارس,بین‌ المللی‌ محصولات‌  پارس‌,محصولات شیمیایی,60.9,زیر نظر,90,65,1.5,82,2456,20260922,-13.7,16.3,99.7,59.8,-3.1,25.3,99.7,54.3,false,68.8,3.35,above,-16.7,0.58,1670,2948,-25.12,-66.89,0.19,-46.67,22.24,370,6.64,9.63,-31.1,2374,2291,2948,3113,2.99,خروج مستمر پول حقیقی
غشهداب,کشت و صنعت شهداب ناب خراسان,محصولات غذایی و آشامیدنی به جز قند و شکر,60.9,زیر نظر,100,65,1.5,70,2388,20260922,-5.5,9,122.2,82.3,1.1,14.4,70.9,56.8,false,49,4.19,above,-10.3,0.93,2214,2415,-7.47,-13.33,0.67,-18.94,24.73,401,5.96,7.05,-15.5,2288,2164,2415,2662,0.12,
کپارس,کاشی‌ پارس‌,کاشی و سرامیک,60.8,زیر نظر,100,65,1,70,17980,20260922,-7.8,26.1,80.9,41.1,2.9,32.5,109.1,62.8,false,71.7,3.2,above,-12.3,0.57,16510,20500,-16.73,-22.94,0.4,-17.05,24.31,2681,6.71,7.65,-12.3,17404,16222,20500,21652,1.43,واگرایی منفی RSI
وخاور,بانک خاورمیانه,بانکها و موسسات اعتباری,60.5,زیر نظر,70,40,79.1,47,6010,20260922,-4.8,-2.4,43.4,3.6,-1.9,2.9,68.7,48.5,false,22,4.11,above,-9.6,0.95,5875,6160,23.95,114.51,1.21,11.39,69.05,1045,5.75,5.4,6.5,5875,5751,6160,6320,0.58,
فطلوع,طلوع فولاد پارس,فلزات اساسی,60.3,زیر نظر,100,65,39.2,30,5600,20260922,-6.2,43.6,102.2,62.3,8.2,37.9,,69.2,false,76.9,2.9,above,-11.4,1.66,3790,6320,-24.38,32.15,1.25,-43.68,13.22,34,164.71,,,5437,5275,6320,6645,2.21,
سیتا,سرمایه گذاری سیمان تامین,سیمان، آهک و گچ,60.3,زیر نظر,100,45,28,57,29040,20260922,-8.4,10.7,20.5,-19.3,0.7,7.9,56.1,52.2,false,26.7,3.55,above,-11,2.03,26997,29872,-16.98,54.02,0.73,-34.85,30.64,4273,6.8,7.14,-4.8,28009,26481,29872,32640,0.33,
بوعلی,پتروشیمی بوعلی سینا,محصولات شیمیایی,60,زیر نظر,100,60,12.1,60,59510,20260922,3,52.5,146.9,107.1,17.4,48.4,84.3,82.5,true,71.7,3.09,above,-0.8,1.08,43448,,-195.74,-31.94,1.24,-81.36,111.84,8261,7.2,9.63,-25.2,57673,55837,63183,66856,1,اشباع خرید | فاصله زیاد از MA20
غبهنوش,بهنوش‌ ایران‌,محصولات غذایی و آشامیدنی به جز قند و شکر,59.7,زیر نظر,63,80,85.2,14,83090,20260922,16.1,29.4,4.7,-35.1,13.7,3.9,18.6,63.9,true,19.7,3.32,below,-19.3,1.12,78310,84490,0.88,72,1.49,19.22,19.75,1714,48.48,8.53,468.3,80327,76929,84490,86100,0.23,
پخش,پخش البرز,مواد و محصولات دارویی,59.6,زیر نظر,90,55,26.5,60,13100,20260922,-5.5,-3,39.9,0.1,-2.6,5.4,69.3,50.6,false,37.4,4.33,above,-9.3,0.57,12560,14220,21.25,-80.11,0.56,-57.32,80.63,2029,6.46,8.86,-27.1,12560,12277,14220,14450,1.36,واگرایی منفی RSI
چدن,تولیدی چدن سازان,ساخت محصولات فلزی,59.6,زیر نظر,100,75,11.5,47,4290,20260922,0.2,39.6,93.3,53.5,12.5,37.2,132.5,77.7,true,62.2,3.15,above,-5.3,1.23,3172,4530,-80.03,-171.08,0.66,-62.09,39.16,544,7.89,7.54,4.6,4155,4019,4530,4801,0.89,خروج مستمر پول حقیقی
پارسان,گسترش نفت و گاز پارسیان,محصولات شیمیایی,59.6,زیر نظر,90,45,57.5,37,34110,20260922,-4.5,16.9,17.8,-22,-0.1,16,44.1,55.9,false,39.8,3.79,above,-9.9,1.55,33650,37860,207.67,57.7,0.82,26.83,158.9,3483,9.79,9.63,1.7,33650,33003,37860,40448,3.39,
کگهر,معدنی و صنعتی گهرزمین,استخراج کانه های فلزی,59.6,زیر نظر,90,38,28,72,7320,20260922,-12.6,5.9,31.9,-7.9,-5.2,11.8,43.2,48.4,false,45.5,3.75,above,-14.3,0.71,7130,7870,-39.77,144.38,0.39,-88.02,56.44,870,8.41,14.44,-41.7,7130,6993,7870,8540,1.68,واگرایی منفی RSI
شاراک,پتروشیمی شازند,محصولات شیمیایی,59.3,زیر نظر,100,50,17,60,28070,20260922,-2.3,43.9,83.4,43.6,11.4,35,122.8,73.9,false,62.3,3.22,above,-4.8,1.06,20840,29490,-207.49,118.05,0.67,-234.87,134,3871,7.25,9.63,-24.7,27166,26263,29490,31297,0.79,
فزر,پویا زرکان آق دره,استخراج کانه های فلزی,58.9,زیر نظر,100,60,63.5,4,301200,20260922,0.1,51.2,128,88.2,15.8,47.3,153.6,82.9,true,77.2,3.13,above,-2.8,1.91,211200,309800,866.86,1150.5,0.49,-3488.69,828.64,9504,31.69,14.44,119.5,291765,282330,309800,328670,0.46,واگرایی منفی RSI | اشباع خرید | فاصله زیاد از MA20
شرانل,نفت ایرانول,فراورده های نفتی، کک و سوخت هسته ای,58.9,زیر نظر,100,65,16.5,47,106300,20260922,-11.6,19.5,40.3,0.4,1.3,16.6,93,55.9,false,44.7,3.57,above,-11.9,1,99320,120700,-93.32,39.62,0.3,-135.14,43.29,13150,8.08,8.12,-0.4,102507,97423,120700,128286,1.62,
فاراک,ماشین‌ سازی‌ اراک‌,ساخت محصولات فلزی,58.6,زیر نظر,90,65,17.5,57,3010,20260922,-5.9,3.1,88,48.2,-1.3,21.4,102.7,55.7,false,55.8,4.14,above,-10.1,0.61,2892,3090,-7.89,49.9,0.73,-37.15,75.75,423,7.12,7.54,-5.6,2892,2830,3090,3280,0.44,واگرایی منفی RSI
بشهاب,لامپ‌  پارس‌ شهاب‌,ماشین آلات و دستگاه‌های برقی,58.6,زیر نظر,90,65,17.5,57,8190,20260922,-11.3,15,64.6,24.7,-1.9,14.4,66.2,52.8,false,50.6,3.48,above,-13.8,0.28,7240,8800,-0.48,12.3,0.28,-9.75,12.49,1212,6.76,6.15,9.9,7905,7619,8800,9500,1.07,
شتران,پالایش نفت تهران,فراورده های نفتی، کک و سوخت هسته ای,58.6,زیر نظر,100,53,2,70,6380,20260922,-7.7,18.1,39,-0.8,2.8,20.9,87.4,59.6,false,57.3,3.73,above,-12.1,1.14,5005,7260,-913.28,-297.68,0.32,-1268.95,469.49,1249,5.11,6.26,-18.4,6142,5903,7260,7737,1.85,
سرود,سیمان‌شاهرود,سیمان، آهک و گچ,58.5,زیر نظر,90,65,17,57,18150,20260922,-8.9,10.8,61.3,21.5,-0.5,11.3,89.3,54.2,false,42.9,4.21,above,-11.2,0.74,17535,20430,-21.45,0.45,0.44,-91.61,56.99,2424,7.49,7.14,4.9,17535,17153,20430,21958,2.29,واگرایی منفی RSI
انتخاب,گروه انتخاب الکترونیک آرمان,ماشین آلات و تجهیزات,58.4,زیر نظر,100,65,1.5,60,2354,20260922,-8,19.5,84.1,44.2,1.7,28.7,98,61.8,false,67.3,3.45,above,-10.7,0.69,2017,2635,-116.1,-6.59,0.51,-72.49,75.87,271,8.69,9.66,-10.1,2273,2192,2635,2797,1.73,
غپینو,پارس‌ مینو,محصولات غذایی و آشامیدنی به جز قند و شکر,58.4,زیر نظر,100,53,1,70,2001,20260922,-5.8,7.8,33,-6.9,1.3,10.1,86.7,55.9,false,45.8,3.95,above,-10.6,1.01,1861,2239,-13.85,-62.89,0.54,-47.04,46,275,7.28,8.53,-14.7,1922,1822,2239,2397,1.33,خروج مستمر پول حقیقی
شگل,گلتاش‌,محصولات شیمیایی,58.3,زیر نظر,90,65,26,47,3020,20260922,-13,12.4,99.8,60,-0.9,16.3,77.6,53.6,false,45.7,3.64,above,-14,0.52,2934,3510,-15.51,16.83,0.25,-26.8,13.83,339,8.91,9.63,-7.5,2934,2879,3510,3730,3.48,
دکوثر,داروسازی‌ کوثر,مواد و محصولات دارویی,58,زیر نظر,85,55,67.1,19,19500,20260922,-2.8,-7.4,89.9,50,-4.8,17.6,81.1,51.3,false,41.4,4.16,above,-13.3,1.1,19290,20420,30.26,16.3,1.22,34.59,62.84,1031,18.91,12.91,46.5,19290,18885,20420,21270,1.49,
شسپا,نفت سپاهان,فراورده های نفتی، کک و سوخت هسته ای,58,زیر نظر,100,65,3,57,20930,20260922,-8.4,17.7,77,37.2,2.7,16.1,108.8,58.4,false,40.5,3.81,above,-10.5,1.01,19580,23390,-135.31,-103.69,0.33,-309.43,106.34,3704,5.65,6.26,-9.7,20133,19181,23390,24984,1.41,
غزر,صنعتی زر ماکارون,محصولات غذایی و آشامیدنی به جز قند و شکر,58,زیر نظر,100,65,3,57,4820,20260922,-7.5,16.1,46.3,6.5,3.8,26.6,104.9,61.8,false,61.8,3.16,above,-10.2,1.56,4480,5370,-135.42,-134.85,0.62,-99.08,75.69,620,7.77,8.53,-8.9,4668,4404,5370,5675,1.32,واگرایی منفی RSI | خروج مستمر پول حقیقی
کتوکا,تولیدی و خدمات صنایع نسوز توکا,سایر محصولات کانی غیرفلزی,58,زیر نظر,100,50,22,50,8620,20260922,-2.2,47.4,121.4,81.5,10.9,50.9,116.5,77.6,false,82,3.17,above,-7.7,1.6,4456,9340,-0.76,-9.17,2.83,-40.05,23.92,983,8.77,10.33,-15.1,8347,8074,9340,9886,1.32,
شبریز,پالایش نفت تبریز,فراورده های نفتی، کک و سوخت هسته ای,57.9,زیر نظر,100,65,2.5,57,56570,20260922,-10.5,18.3,52.4,12.6,0.6,18.9,87.4,57.7,false,56.1,3.85,above,-13.1,0.62,49020,65100,-176.48,-238.09,0.41,-290.65,180.08,9661,5.86,6.26,-6.5,54390,52210,65100,69460,1.96,خروج مستمر پول حقیقی
کولان,کولان سل,محصولات کاغذی,57.9,زیر نظر,85,70,36.5,37,30070,20260922,-3.9,10.7,0.7,-39.1,1.8,6.8,,54.9,true,25.5,3.56,,-8.2,1.28,29290,32750,-10.16,-13.57,4.14,58.91,14.53,3233,9.3,10.19,-8.7,29290,28754,32750,34893,2.04,
دجابر,داروسازی‌ جابرابن‌حیان‌,مواد و محصولات دارویی,57.8,زیر نظر,100,75,21,30,46380,20260922,5.7,4.6,270.2,230.3,1,33.2,185.6,66,false,68.5,3.62,above,-6.3,0.36,45240,48660,-17.45,-231,1.83,-7,78.46,3483,13.32,12.91,3.1,45240,44400,48660,49510,1.15,خروج مستمر پول حقیقی
ومهان,گروه توسعه مالی مهرآیندگان,سرمایه گذاریها,57.6,زیر نظر,100,65,32.3,26,5670,20260922,-5.3,18,43.3,3.4,0.3,17.4,54.7,57.5,false,40.7,3.47,above,-10.6,0.95,5500,5913,-226.59,218.99,1.01,-278.67,120.65,532,10.66,7.13,49.5,5500,5402,5913,6340,0.91,واگرایی منفی RSI
خکاوه,سایپا دیزل,خودرو و ساخت قطعات,56.8,زیر نظر,100,65,30.3,25,920,20260922,0.7,8,71.6,31.8,0.1,14.1,32.7,57.8,false,35.9,3.72,above,-9.4,1.01,891,947,-0.94,-8.21,1.35,62.64,52.12,53,17.36,,,891,874,947,967,0.59,
فملی,ملی‌ صنایع‌ مس‌ ایران‌,فلزات اساسی,56.8,زیر نظر,100,65,28,27,24310,20260922,-10.2,28.5,70.2,30.3,1.6,26.1,119.4,59.9,false,61.4,3.76,above,-12.8,1.2,16861,27870,-309.22,2292.26,0.31,-3482.34,1252.38,1411,17.23,13.48,27.8,23395,22481,27870,29699,1.95,
ساروم,سیمان‌ارومیه‌,سیمان، آهک و گچ,56.6,زیر نظر,100,45,0.5,70,213100,20260922,-7.5,12,24.1,-15.7,0.6,6.4,58.5,52.2,false,32.8,3.83,above,-10.2,0.81,206900,225900,-38.14,-61.21,0.6,-58.37,39.51,34336,6.21,7.14,-13.1,206900,202816,225900,237300,1.24,خروج مستمر پول حقیقی | واگرایی مثبت RSI
پتایر,ایران‌ تایر,لاستیک و پلاستیک,56.6,زیر نظر,90,40,16.5,70,2630,20260922,-11.8,-2.7,45.9,6.1,-7,13.3,45.8,47.9,false,45.3,4.27,above,-12.8,0.63,2232,2954,-9.51,23.67,0.43,-41.11,26.48,392,6.71,8.21,-18.3,2518,2405,2954,3015,1.44,واگرایی منفی RSI
دالبر,البرزدارو,مواد و محصولات دارویی,56.4,زیر نظر,90,55,1.5,72,15090,20260922,-8.5,-1.7,114.7,74.8,-1.7,16.3,132,53.8,false,57.6,3.19,above,-11.2,0.7,14080,15875,-53.59,-451.35,0.48,-86.27,90.07,1779,8.48,12.91,-34.3,14608,13839,15875,16990,0.63,واگرایی منفی RSI | خروج مستمر پول حقیقی
فایرا,آلومینیوم‌ایران‌,فلزات اساسی,56.1,زیر نظر,90,40,2.5,82,13920,20260922,-7.3,-2.3,94.9,55,-4.2,5.8,95.4,47.7,false,33.9,4.06,above,-14.2,0.66,13260,15050,-16.19,-57.02,0.58,-75.43,85.7,2419,5.75,13.48,-57.3,13355,12978,15050,15970,1.2,
پاکشو,گروه صنعتی پاکشو,محصولات شیمیایی,56,زیر نظر,90,65,17,47,11490,20260922,-6.8,3.6,68.8,29,-1.4,11.2,87.1,53.3,false,34.3,3.94,above,-10.2,0.47,11060,12400,-11.02,0.97,0.72,-11.01,10.61,1090,10.54,9.63,9.5,11060,10833,12400,12800,1.39,واگرایی منفی RSI
وسپه,سرمایه‌گذاری‌ سپه‌,سرمایه گذاریها,56,زیر نظر,100,53,1.5,60,7040,20260922,-6.8,19.7,38.6,-1.2,4.1,24.4,54.2,64.4,false,60.3,3.8,above,-9.2,0.96,6560,7750,-59.46,-115.1,0.33,-102.93,45.79,1251,5.63,7.13,-21.1,6773,6426,7750,8285,1.16,واگرایی منفی RSI | خروج مستمر پول حقیقی
اروند,پتروشیمی اروند,محصولات شیمیایی,55.9,زیر نظر,100,70,28.8,19,56150,20260922,-4.3,20.5,-15.3,-55.2,4.9,14,,60,true,41,3.45,above,-16.7,0.67,54323,58131,-35.95,-3.9,1.27,83.53,114.72,3275,17.15,9.63,78,54323,53354,58131,60430,0.71,
شنفت,نفت‌ پارس‌,فراورده های نفتی، کک و سوخت هسته ای,55.9,زیر نظر,100,65,17.5,34,16910,20260922,-3.4,12.4,74.3,34.4,5.8,25.2,75.1,66.7,false,48.8,3.1,above,-5.8,1.03,15700,17950,-29.97,17.58,0.5,-101.16,39.45,2291,7.38,6.26,17.9,16385,15438,17950,19000,0.71,واگرایی منفی RSI
وپست,پست بانک ایران,بانکها و موسسات اعتباری,55.9,زیر نظر,90,45,1.5,78,9870,20260922,-6,4.3,29.3,-10.5,-2,7.2,63.3,50.8,false,33.2,4.27,above,-11.2,0.84,9650,10060,-56.54,-139.84,0.48,-57.02,44.69,2033,4.85,5.4,-10.1,9650,9439,10060,10250,0.44,خروج مستمر پول حقیقی
شپاکسا,پاکسان‌,محصولات شیمیایی,55.9,زیر نظر,90,55,1.5,70,2510,20260922,-12.6,-1.4,76.7,36.8,-3.4,15.1,84.5,51.3,false,48.6,3.91,above,-14.6,0.71,2335,2700,-49.02,-66.17,0.32,-73.8,43.06,327,7.68,9.63,-20.3,2412,2286,2700,2940,0.85,واگرایی منفی RSI | خروج مستمر پول حقیقی
مفاخر,توسعه فناوری اطلاعات خوارزمی,رایانه و فعالیت‌های وابسته به آن,55.8,زیر نظر,100,60,51,4,14290,20260922,6.2,41.6,104.1,64.3,18.1,34.8,86.2,82.8,true,59.4,3.52,above,-4,1.72,10870,,-1.78,22.28,1.28,-9.8,12.43,574,24.9,8.89,180,13787,13285,15295,16300,1,اشباع خرید | فاصله زیاد از MA20
غپاک,لبنیات‌ پاک‌,محصولات غذایی و آشامیدنی به جز قند و شکر,55.8,زیر نظر,100,45,53,14,2175,20260922,-9.3,25.3,24.3,-15.5,1.4,16.8,52.2,56.6,false,45.9,3.69,above,-14.7,0.64,1968,2550,0.06,38.7,0.33,-20.79,14.33,97,22.42,8.53,162.9,2095,1928,2550,2711,1.52,
ولبهمن,شرکت بهمن لیزینگ,سایر واسطه گریهای مالی,55.8,زیر نظر,90,30,1,90,2890,20260922,-13.2,14.3,24,-15.9,-5.9,14.2,45,48.5,false,50.9,3.56,above,-19,0.61,2401,3570,-7.42,-18.87,0.39,-12.91,9.65,776,3.72,5.8,-35.8,2787,2684,3570,3776,3.31,خروج مستمر پول حقیقی
تاپیکو,س. نفت و گاز و پتروشیمی تأمین,محصولات شیمیایی,55.6,زیر نظر,100,70,37.5,9,46250,20260922,11.5,35.6,118.1,78.2,18.2,43.4,116.7,84.8,true,49.5,3.48,above,-3.3,1.44,38039,,84.18,-662.78,0.63,-590.19,337.86,3439,13.45,9.63,39.7,44640,43031,49469,52689,1,واگرایی منفی RSI | اشباع خرید | فاصله زیاد از MA20 | خروج مستمر پول حقیقی
شبندر,پالایش نفت بندرعباس,فراورده های نفتی، کک و سوخت هسته ای,55.3,زیر نظر,100,65,2,47,14720,20260922,-4.5,20.5,43.8,4,4.3,19.4,100.8,62,false,42.6,3.81,above,-9.7,1.1,13760,16310,-773.91,-946.55,0.46,-1151.62,547.98,2555,5.76,6.26,-8,14159,13480,16310,17431,1.28,خروج مستمر پول حقیقی
فوکا,فولاد کاویان,فلزات اساسی,55,زیر نظر,100,50,3,57,6500,20260922,-8.3,34.9,91.2,51.4,6.4,41.8,,70.2,false,78.4,3.3,above,-11,1.66,3563,7300,-39.98,-9.24,0.42,-38.26,11.29,817,7.96,8.05,-1.2,6285,6070,7300,7730,1.86,
کچاد,معدنی‌وصنعتی‌چادرملو,استخراج کانه های فلزی,54.6,خنثی,90,30,26.5,60,2800,20260922,-11.4,10.2,16.7,-23.2,-3.2,10.3,27.6,49.3,false,41.8,3.88,above,-13.3,0.46,2743,2840,-81.9,396.42,0.33,-204.3,177.11,277,10.11,13.76,-26.5,2743,2688,2840,3230,0.36,
هرمز,فولاد هرمزگان جنوب,فلزات اساسی,54.6,خنثی,100,90,2.5,24,4410,20260922,-5.4,40.4,58.1,18.3,9.1,23.4,106.7,67,true,53.9,3.41,above,-7.9,2.05,3700,,-244.26,-96,0.48,-271.07,58.87,435,10.14,8.05,25.9,4260,4109,4711,5012,1,واگرایی منفی RSI | خروج مستمر پول حقیقی
ونوین,بانک‌اقتصادنوین‌,بانکها و موسسات اعتباری,54.5,خنثی,90,65,1,57,3690,20260922,-8,9.5,41.7,1.8,-2.1,8.3,77.6,51.2,false,42.4,4.21,above,-12.1,0.85,3585,3870,-217.35,-159.43,0.45,-384.99,229.89,711,5.19,5.4,-3.9,3585,3507,3870,4200,0.99,واگرایی منفی RSI
زشگزا,شیر و گوشت زاگرس شهرکرد,زراعت و خدمات وابسته,54.4,خنثی,65,20,53.5,70,30250,20260922,-5.4,-4.4,-1.9,-41.7,-4.4,0.5,54.2,44.7,false,24.8,4,above,-11.5,0.81,26525,30822,5,40.66,0.74,-11.73,20.13,4812,6.29,8.07,-22.1,29041,27832,30822,31303,0.24,
خبهمن,گروه‌بهمن‌,خودرو و ساخت قطعات,54.3,خنثی,90,40,17,60,2509,20260922,-9.9,-2.4,46.5,6.7,-6.8,7.9,48.5,46.1,false,41.4,4.04,above,-12.5,0.82,2261,2538,-132.66,9.92,0.41,-253.64,143.31,560,4.48,,,2408,2210,2538,2808,0.1,واگرایی منفی RSI
دفارا,داروسازی‌ فارابی‌,مواد و محصولات دارویی,54.2,خنثی,90,55,2.8,62,17230,20260922,-1.8,-4.2,68.2,28.3,-1.3,13.7,104.5,55.2,false,45.5,3.94,above,-8.7,1.17,16810,18160,-6.65,-90.06,0.83,-40.41,90.69,1956,8.81,12.91,-31.8,16810,16470,18160,18590,1.22,
مادیرا,صنایع مادیران,تولید محصولات کامپیوتری الکترونیکی ونوری,54.1,خنثی,80,45,58.5,26,2920,20260922,-6.9,2.6,22.7,-17.1,-1.1,10.4,9.7,51.4,false,39.9,3.72,above,-19.1,1.26,2785,3050,0.2,20.07,0.79,2.97,30.19,252,11.59,7.98,45.2,2811,2731,3050,3118,0.69,واگرایی منفی RSI
خمهر,مهرکام‌پارس‌,خودرو و ساخت قطعات,53.9,خنثی,100,90,3.6,20,3710,20260922,-4.6,27.3,68.7,28.9,6.9,28.7,67.5,68.7,true,67.1,3.82,above,-9.1,1.29,2596,4080,-17.52,-7.01,0.84,-17.73,19.35,105,35.33,,,3568,3427,4080,4363,1.31,
خزر,فنرسازی‌زر,خودرو و ساخت قطعات,53.9,خنثی,90,50,15.5,52,2075,20260922,-11.4,12.9,47,7.2,-5.5,12.1,51.2,47.9,false,50.5,3.72,above,-18.2,0.6,1898,2537,-4.89,4.22,0.37,-13.52,10.66,394,5.27,,,1998,1859,2537,2691,2.14,
شیفته,کشت و صنعت شیفته آرای شرق,محصولات غذایی و آشامیدنی به جز قند و شکر,53.9,خنثی,85,65,37.5,24,14020,20260922,-3,9.2,55,15.2,1.8,12.8,,56.9,false,46.9,3.61,,-7.2,0.77,13600,15100,-4.21,-56.82,6.21,65.99,24.2,1559,8.99,7.05,27.6,13600,13347,15100,16112,1.6,خروج مستمر پول حقیقی
ذوب,ذوب آهن اصفهان,فلزات اساسی,53.6,خنثی,100,65,28.5,14,701,20260922,-7.9,40.5,70.6,30.7,6.8,35.9,70.2,65.7,false,60.4,2.71,above,-10.5,1.28,478,783,-145.12,501.58,0.84,-819.21,225.09,12,58.42,13.48,333.4,682,663,783,821,2.16,
غفارس,شیر پاستوریزه پگاه فارس,محصولات غذایی و آشامیدنی به جز قند و شکر,53.6,خنثی,100,50,45.4,9,27260,20260922,-5,37.3,140.8,101,9.6,45.1,166.6,73.3,false,82.7,3.36,above,-7.8,1.19,17390,29560,-11.92,24.83,0.96,4.58,13.75,1963,13.89,7.05,97,26345,25429,29560,31391,1.26,
تیپیکو,سرمایه گذاری دارویی تامین,مواد و محصولات دارویی,53.5,خنثی,90,55,22,40,26010,20260922,-2.5,-0.5,75.7,35.9,-1.8,7.8,82.8,53.9,false,21.7,3.65,above,-11.6,0.49,24620,28600,-21.5,-261.38,2.3,-36.84,149.23,2097,12.4,12.91,-3.9,25060,24145,28600,29408,1.39,خروج مستمر پول حقیقی
شراز,پالایش نفت شیراز,فراورده های نفتی، کک و سوخت هسته ای,53.5,خنثی,90,65,28,26,93850,20260922,-8.1,12.6,104.3,64.5,-4.7,18.4,126.7,53,false,58.3,4.01,above,-16.9,1.31,68720,113000,-101.65,113.53,0.46,-188.83,81.8,10165,9.23,6.26,47.5,90084,86319,113000,120531,2.54,واگرایی منفی RSI
شمواد,تولید مواداولیه الیاف مصنوعی,محصولات شیمیایی,53.3,خنثی,100,75,1.4,32,12670,20260922,-0.9,30.6,87.4,47.6,8.7,26.4,163.7,71.2,true,51.7,3.58,above,-5.2,1.13,11700,13370,-26.9,-116.51,0.82,-19.12,24.32,1509,8.4,,,12217,11473,13370,14277,0.58,خروج مستمر پول حقیقی
کفرا,فراورده‌ های‌ نسوزایران‌,سایر محصولات کانی غیرفلزی,53.3,خنثی,90,65,0,,4210,20260922,-12.8,15.3,144.6,104.8,-5.5,25.5,138.6,52.7,false,71.8,3.23,above,-17.9,1.08,1924,5130,-13.89,-32.49,0.35,-40.66,14.09,,,12.75,,4074,3938,5130,5402,3.38,خروج مستمر پول حقیقی | بدون EPS مثبت
دپارس,پارس‌ دارو,مواد و محصولات دارویی,53.3,خنثی,70,20,53,60,54910,20260922,-12.7,-12.3,22.6,-17.2,-9.4,1.8,66,41.4,false,26.8,4.48,above,-17,1.16,52173,58570,37.68,67.35,0.62,-15.82,28.26,4755,11.55,12.91,-10.6,52451,50943,58570,60820,0.92,واگرایی منفی RSI
غبهار,کشت وصنعت بهاران گلبهار خراسان,محصولات غذایی و آشامیدنی به جز قند و شکر,53.3,خنثی,90,65,1,52,4550,20260922,-12.5,8.1,104.2,64.4,-1.3,21.8,62.5,55.4,false,69.4,3.55,above,-15,0.61,4110,5350,-0.27,-2.57,0.51,-5.9,10.42,798,5.7,,,4388,4029,5350,5673,1.54,واگرایی منفی RSI
دزاگرس,دارویی و نهاده های زاگرس دارو,مواد و محصولات دارویی,53,خنثی,85,38,9.7,70,23380,20260922,-2.1,-7.7,31.4,-8.5,-3.5,4.6,88.9,49.5,false,42.5,3.64,above,-13.3,0.89,22820,26090,-5.82,-89.75,1.09,-2.54,101.14,3000,7.79,8.86,-12,22820,22395,26090,26970,2.75,
کدما,معدنی‌ دماوند,استخراج کانه های فلزی,52.9,خنثی,90,45,27.5,40,87200,20260922,-7,4.3,25.5,-14.3,-1.4,9.7,53.2,51.2,false,33.9,3.74,above,-12,0.85,83300,91475,1.16,-10.7,0.53,-15.81,15.12,6579,13.25,13.76,-3.7,83941,81670,91475,99130,0.77,واگرایی منفی RSI
ورنا,سرمایه‌گذاری‌ رنا(هلدینگ‌,خودرو و ساخت قطعات,52.6,خنثی,100,53,28.2,20,7620,20260922,0.5,13.2,36.8,-3,2.7,24.8,59.9,64.5,false,60.3,3.85,above,-4.6,0.86,6980,7960,31.61,-52.38,0.83,-19.12,126.23,218,34.95,,,7327,6833,7960,8547,0.43,
دعبید,لابراتوارداروسازی‌  دکترعبیدی‌,مواد و محصولات دارویی,52.5,خنثی,100,65,21,17,24460,20260922,-1,15.3,70.6,30.7,6.2,17.7,101.6,66.1,false,46.4,3.23,above,-3.9,0.94,22180,25440,-49.77,-328.85,3.93,-53.73,108.73,1503,16.27,12.91,26.1,23669,21784,25440,27022,0.37,خروج مستمر پول حقیقی
اخابر,مخابرات ایران,مخابرات,52.4,خنثی,90,65,2.5,47,1020,20260922,-8.1,6.3,93.3,53.5,-1.5,18.6,83.1,55.3,false,49.2,3.73,above,-11.3,0.63,946,1069,-103.83,-40.74,0.37,-224.41,154.78,124,8.23,8.37,-1.7,982,927,1069,1150,0.53,واگرایی منفی RSI
غبشهر,صنعتی‌ بهشهر,محصولات غذایی و آشامیدنی به جز قند و شکر,52.1,خنثی,100,50,11.5,37,17720,20260922,0.1,29.9,280.9,241.1,5.1,42.3,226.5,70.6,false,81.2,3.29,above,-9.3,1.46,5123,19540,-33.04,-49.51,0.64,-119.34,68.35,2019,8.78,8.53,2.9,17138,16555,19540,20705,1.56,
غکورش,صنعت غذایی کورش,محصولات غذایی و آشامیدنی به جز قند و شکر,52,خنثی,90,65,1,47,24660,20260922,-7.9,12.6,76.3,36.4,0,16.8,143.7,57.3,false,49.4,4.18,above,-11.6,0.69,23910,27890,-90.47,-466.86,0.55,-126.36,121.19,2993,8.24,8.53,-3.4,23910,23394,27890,29953,2.55,واگرایی منفی RSI | خروج مستمر پول حقیقی
وپترو,سرمایه‌گذاری صنایع پتروشیمی‌,محصولات شیمیایی,51.9,خنثی,90,65,0.5,47,75940,20260922,-10.9,23.7,98.2,58.4,-1.9,36,87,59.3,false,70.9,3.9,above,-14.6,1.13,45767,88910,-160.21,-206.6,0.43,-172.53,60.4,7753,9.79,9.63,1.7,72978,70015,88910,94835,2.19,خروج مستمر پول حقیقی
کرمان,س. توسعه و عمران استان کرمان,انبوه سازی، املاک و مستغلات,51.9,خنثی,90,53,43,14,1447,20260922,-7.1,13.2,31,-8.9,-0.5,17.3,38.3,55.6,false,60.7,3.6,above,-11.8,0.9,1381,1640,20.47,35.94,0.55,-68.52,67.98,2,723.5,23.59,2967,1395,1355,1640,1744,2.1,واگرایی منفی RSI
سباقر,سیمان باقران,سیمان، آهک و گچ,51.5,خنثی,90,65,2,44,353600,20260922,-11.6,18.4,104.5,64.7,-0.3,26.7,157.3,58.9,false,70.9,3.7,above,-13.5,0.95,341600,409000,-75.63,-5.96,0.33,-245.12,100.76,44486,7.95,6.69,18.8,341600,335053,409000,435189,2.99,
سشرق,سیمان‌ شرق‌,سیمان، آهک و گچ,51.5,خنثی,90,30,17,57,23060,20260922,-10.4,11,20.5,-19.3,-5.9,8.5,55.3,47.5,false,34.4,4.2,above,-16,0.64,20910,27450,-14.32,12.42,0.5,-54.95,49.89,3056,7.55,7.14,5.7,22092,20426,27450,29386,1.67,
حسینا,توسعه خدمات دریایی وبندری سینا,حمل ونقل، انبارداری و ارتباطات,51,خنثی,100,45,1,47,17770,20260922,-9.7,19.3,25.8,-14,1.3,8.5,34.9,54.2,false,38.1,3.96,above,-12.3,0.79,16559,18698,-54.73,-54.9,0.43,-60.26,31.6,2130,8.34,7.68,8.6,17067,16207,18698,20260,0.59,خروج مستمر پول حقیقی
شستا,سرمایه گذاری تامین اجتماعی,شرکتهای چند رشته ای صنعتی,50.9,خنثی,100,90,2.5,9,3540,20260922,-1.7,27.3,65,25.1,9.1,28,89.8,68.9,true,55.5,3.19,above,-7.1,1.48,3047,3810,-462.57,-749.67,0.57,-1139.18,543.67,218,16.24,10.88,49.3,3427,3314,3810,4036,1.2,خروج مستمر پول حقیقی
کالا,بورس کالای ایران,فعالیتهای کمکی به نهادهای مالی واسط,50.9,خنثی,100,90,2.5,9,10900,20260922,-4,20,43.6,3.8,6.9,19.3,100.1,63.7,true,33.3,3.47,above,-7.6,1.5,9730,11800,-317.8,-389.71,0.53,-383.95,151.84,885,12.32,5.92,108,10522,10143,11800,12557,1.19,خروج مستمر پول حقیقی
فولای,صنایع فولاد آلیاژی یزد,فلزات اساسی,50.9,خنثی,90,50,36.5,19,4790,20260922,1.9,26.7,41.8,2,6.4,30.2,26.6,70.7,false,62.9,3.52,above,-11,0.81,4699,4988,-17.29,-40.44,1.95,16.69,24.49,393,12.19,8.05,51.4,4699,4614,4988,5216,1.13,خروج مستمر پول حقیقی
دزهراوی,داروسازی‌زهراوی‌,مواد و محصولات دارویی,50.8,خنثی,90,55,1,50,4530,20260922,-7.9,-1.3,110.4,70.6,-0.6,9.4,104.7,53.8,false,47.4,3.74,above,-9.6,0.65,4340,4735,-22.32,-77.44,0.57,-17.53,24.12,492,9.21,12.91,-28.7,4361,4255,4735,5010,0.75,خروج مستمر پول حقیقی
غشان,شیرپاستوریزه‌پگاه‌خراسان‌,محصولات غذایی و آشامیدنی به جز قند و شکر,50.6,خنثی,100,75,6.6,16,17380,20260922,1.5,24.9,134.9,95,10.1,30.4,169.7,72,true,63.5,3.37,above,-4.5,0.83,15710,,-7.63,-16.92,0.94,-0.67,20.2,1497,11.61,8.53,36.1,16795,15417,18551,19722,0.6,واگرایی منفی RSI
پکرمان,گروه‌ صنعتی‌ بارز,لاستیک و پلاستیک,50.6,خنثی,90,45,1.5,57,7240,20260922,-7.3,7.1,10.3,-29.5,-0.1,10.7,12.2,52.8,false,35.6,3.5,above,-19.8,1.39,7057,7431,-70.25,-25.15,0.41,-78.48,28.51,953,7.6,8.21,-7.5,7057,6930,7431,7878,0.62,واگرایی منفی RSI
شپلی,پلی اکریل ایران,محصولات شیمیایی,50.5,خنثی,100,75,2,20,6950,20260922,-2,30.1,121.6,81.8,11,21.3,157.3,70.3,true,48.1,3,above,-6.1,0.66,6170,7400,-8.97,-0.83,0.53,-38.43,32.46,237,29.32,,,6741,6532,7400,7818,1.08,
فاذر,صنایع‌ آذرآب‌,ساخت محصولات فلزی,50.5,خنثی,90,65,28,14,1544,20260922,-11.5,1.3,62,22.2,-2.2,14.3,52.4,51.7,false,42.2,3.87,above,-14,0.58,1456,1638,0.93,-11.77,0.33,-37.34,32.02,60,25.73,7.54,241.3,1484,1426,1638,1796,0.8,
بکام,کارخانجات تولیدی شهید قندی,ماشین آلات و دستگاه‌های برقی,50.4,خنثی,90,65,27.5,14,3350,20260922,-7.2,7.8,51.2,11.4,-0.4,19.3,41.3,56.6,false,51.2,3.72,above,-12.1,0.95,3084,3810,-6.46,40.35,0.58,-11.42,14.28,24,139.58,6.15,2169.6,3225,3021,3810,4059,1.4,واگرایی منفی RSI
کوچین,تولیدی کوچین,محصولات غذایی و آشامیدنی به جز قند و شکر,50.2,خنثی,70,38,16.5,70,15930,20260922,-12.1,3.5,39.1,-0.7,-7.2,3.3,,43.5,false,40.5,4.19,above,-16.8,0.5,14630,17250,-33.04,13.8,0.54,-47.53,59.38,2530,6.3,7.05,-10.7,15262,14296,17250,19140,0.81,
تادیکو,س.کشت ودام صنایع لبنی تامین,زراعت و خدمات وابسته,50.2,خنثی,73,70,38,19,7550,20260922,-2.2,8.6,23.8,-16,2.6,3.9,,55.5,true,18.8,3.5,,-12.5,1.1,7282,8624,-9.3,-2.11,2.82,80.1,26.34,546,13.83,6.33,118.4,7286,7150,8624,9153,2.69,
دامین,داروسازی‌ امین‌,مواد و محصولات دارویی,50.1,خنثی,85,45,48.6,14,14970,20260922,4.5,-7.9,29.1,-10.8,-0.1,4.7,40.7,51.9,false,20.3,3.84,above,-12.9,0.7,14320,15400,11.16,-91.33,1.06,6.85,41.62,378,39.6,12.91,206.8,14395,14032,15400,16140,0.46,خروج مستمر پول حقیقی
غپآذر,شیر پگاه آذربایجان شرقی,محصولات غذایی و آشامیدنی به جز قند و شکر,50.1,خنثی,100,50,16.5,24,27010,20260922,-2.1,35.7,91,51.2,7.3,34.8,110.4,72.5,false,59.9,3.94,above,-5,1.01,26280,,-29.87,11.65,0.7,-4.17,19.46,3220,8.39,7.05,19,26280,25748,29136,31262,1.69,
وخارزم,سرمایه گذاری خوارزمی,سرمایه گذاریها,50,خنثی,100,65,12.2,16,8820,20260922,0.9,17.4,76,36.2,6.2,27.1,123.3,68.7,false,64.9,3.25,above,-2,1.37,8290,9000,-139.53,-443.01,0.87,-106.76,113.23,830,10.63,7.13,49,8533,8147,9000,9573,0.27,واگرایی منفی RSI | خروج مستمر پول حقیقی
وبملت,بانک ملت,بانکها و موسسات اعتباری,50,خنثی,70,30,2,90,1444,20260922,-8.3,1.4,8.1,-31.7,-5,7.7,41.1,47.9,false,23.1,3.79,above,-10.9,0.79,1375,1611,-1084.18,-1849.42,0.44,-1972.79,1374.44,454,3.18,5.4,-41.1,1389,1348,1611,1720,1.73,واگرایی منفی RSI | خروج مستمر پول حقیقی
نیروترانسفو,کارخانجات تولیدی نیروترانسفو,ماشین آلات و دستگاه‌های برقی,50,خنثی,100,65,2,26,26130,20260922,-10.7,2.3,71.7,31.9,0.7,11.8,,52.7,false,44.4,3.55,above,-13.3,0.67,22850,27510,-34.89,-20.69,0.4,-38.38,32.96,2731,9.57,5.95,60.8,25201,24272,27510,30140,0.74,واگرایی منفی RSI
ددام,داروسازی زاگرس فارمد پارس,مواد و محصولات دارویی,49.9,خنثی,100,65,0.5,27,12640,20260922,-13.1,42,84.1,44.3,0.5,35.6,102.5,59.5,false,65.1,3.85,above,-15.6,0.59,8020,14980,-27.66,-47.37,0.64,-17.85,25.46,887,14.25,12.91,10.4,12153,11666,14980,15954,2.4,خروج مستمر پول حقیقی
سیمرغ,سیمرغ,زراعت و خدمات وابسته,49.8,خنثی,100,65,1,26,5500,20260922,-9.7,20.6,88.9,49.1,1.8,27.7,109,60.1,false,67.4,3.1,above,-12.3,1.23,5240,6270,-23.51,-43.23,0.34,-45.71,15.29,513,10.72,6.33,69.4,5330,5155,6270,6611,2.23,واگرایی منفی RSI | خروج مستمر پول حقیقی
وغدیر,سرمایه‌گذاری‌غدیر(هلدینگ‌,شرکتهای چند رشته ای صنعتی,49.6,خنثی,90,53,1,47,20490,20260922,-6.8,11.1,36.3,-3.5,-0.1,17.1,59,56.1,false,40.6,3.93,above,-10.5,0.81,20260,22890,-313.15,-232.49,0.36,-346.48,222.37,1940,10.56,10.88,-2.9,20260,19857,22890,24501,3.79,واگرایی منفی RSI | خروج مستمر پول حقیقی
شپنا,پالایش نفت اصفهان,فراورده های نفتی، کک و سوخت هسته ای,49.5,خنثی,70,50,17,57,12400,20260922,-12.5,7.7,64.2,24.4,-6.4,5.9,89.5,45.5,false,40.6,4.13,above,-15.5,0.79,11930,14670,-1011.27,1007.07,0.31,-1823.7,1041.49,1816,6.83,6.26,9.1,11930,11674,14670,15695,3.13,
کیسون,شرکت کیسون,خدمات فنی و مهندسی,49.5,خنثی,90,45,18,36,1834,20260922,-9.3,5.8,26.9,-12.9,-2.4,11,11.9,50.8,false,31.4,3.88,above,-41,0.65,1806,1881,-3.96,14.65,0.54,-29.16,32.13,166,11.05,2.41,358.4,1806,1771,1881,1944,0.74,
کی بی سی,شرکت کی بی سی,مواد و محصولات دارویی,49.1,خنثی,90,65,2.5,34,11010,20260922,-13.6,18.9,82.6,42.8,-0.3,25.8,132.8,57.8,false,69.3,3.44,above,-16.1,1.03,7600,13120,-136.58,-69.87,0.26,-138.99,35.51,1043,10.56,8.86,19.1,10632,10253,13120,13877,2.79,خروج مستمر پول حقیقی
فرود,فولاد شاهرود,فلزات اساسی,49.1,خنثی,90,65,2.5,34,8560,20260922,-12.5,16,52.9,13,-1.1,25.9,105.4,56.2,false,68.8,3.59,above,-14.8,0.42,6200,10050,-11.88,-18.97,0.36,-16.17,14.22,910,9.41,8.05,16.9,8253,7946,10050,10664,2.43,خروج مستمر پول حقیقی
کپشیر,پشم‌شیشه‌ایران‌,سایر محصولات کانی غیرفلزی,49.1,خنثی,100,50,27.5,9,27020,20260922,-4.2,34.3,112.4,72.5,6.9,40.5,135.7,71.4,false,79.3,3.7,above,-8.3,1.22,14700,29450,-9.04,63.98,0.59,-40.01,28.06,1532,17.64,12.75,38.3,26020,25021,29450,31449,1.22,
غدانه,پنبه و دانه های روغنی خراسان,محصولات غذایی و آشامیدنی به جز قند و شکر,49,خنثی,70,40,2,78,16950,20260922,-13.1,-8.2,84,44.2,-5.5,0.5,50.5,43.2,false,44,3.9,above,-15,0.56,16170,17400,-29.29,-1.32,0.35,-75.83,54.72,3417,4.96,7.05,-29.6,16289,15839,17400,19610,0.41,واگرایی منفی RSI
سصوفی,سیمان‌ صوفیان‌,سیمان، آهک و گچ,48.8,خنثی,46,20,54,70,161100,20260922,-8.2,-0.9,-13.4,-53.2,-5.3,-1.4,23,42.9,false,15.9,3.94,inside,-15.7,0.72,154200,169200,7.3,106.17,0.49,-86.93,60.99,30922,5.21,7.14,-27,154752,151026,169200,176400,0.8,واگرایی منفی RSI
خساپا,سایپا,خودرو و ساخت قطعات,48.5,خنثی,90,45,1.5,,696,20260922,-7.9,7.7,24.1,-15.8,-3.8,13.1,33.3,51.3,false,40.1,3.98,above,-11.7,0.9,630,788,-500.5,-126.36,0.59,-924.09,509.59,,,,,668,616,788,843,1.14,بدون EPS مثبت
فرابورس,فرابورس ایران,فعالیتهای کمکی به نهادهای مالی واسط,48.4,خنثی,100,78,2,9,7430,20260922,-2.2,11.1,33.7,-6.1,1.8,10.4,53.9,56.8,true,21.5,3.7,above,-7.2,0.87,7320,8010,-28.37,-23.74,0.76,-47.5,92.08,441,16.85,9.46,78.1,7320,7182,8010,8560,2.34,
وسینا,بانک سینا,بانکها و موسسات اعتباری,47.8,خنثی,90,30,2,57,3210,20260922,-9.3,1.6,28.2,-11.6,-4.6,7.5,41.9,47.5,false,33.4,3.64,above,-11.8,0.92,3150,3290,-105.33,-150.77,0.33,-112.99,62.63,584,5.5,5.4,1.8,3150,3092,3290,3470,0.68,واگرایی منفی RSI | خروج مستمر پول حقیقی
آریان,سرمایه گذاری پارس آریان,سرمایه گذاریها,47.8,خنثی,100,75,2,9,7620,20260922,4,21.1,49.7,9.9,11.6,32.2,69.2,79.7,true,65.6,3.41,above,-2.2,0.77,6650,,-132.43,-359.95,0.65,-124.88,51.84,492,15.49,8.73,77.4,7361,7101,8139,8658,1,اشباع خرید | خروج مستمر پول حقیقی
بیوتیک,آنتی بیوتیک سازی ایران,مواد و محصولات دارویی,47.6,خنثی,90,65,16.5,14,32900,20260922,-5.5,8.3,111.3,71.5,-3.6,26.3,101.9,56.1,false,70,3.79,above,-14.9,0.74,16181,35970,-1.99,12.62,0.59,-28.17,27.68,1448,22.72,8.86,156.4,31652,30404,35970,38640,1.23,
پدرخش,درخشان‌ تهران‌,لاستیک و پلاستیک,47.5,خنثی,100,45,15,19,6440,20260922,-10.3,26.5,25.8,-14,3.9,18.6,62.3,58.7,false,41.3,3.62,above,-12.9,1.03,5729,7390,0,3.24,0.55,-13.44,9.65,534,12.06,8.21,46.9,6207,5974,7390,7856,2.04,
همراه,شرکت ارتباطات سیار ایران,مخابرات,46.8,خنثی,90,40,0,47,9090,20260922,-11.1,-4.9,78.5,38.7,-7.5,14,81.6,48,false,45,3.89,above,-13.9,0.51,5660,9300,-97.59,-276.19,0.3,-102.96,61.42,1086,8.37,8.37,0,8736,8382,9300,10495,0.3,واگرایی منفی RSI | خروج مستمر پول حقیقی
فسوژ,سوژمیران,فلزات اساسی,46.4,خنثی,100,50,1.5,24,23970,20260922,-4.5,41.8,185.7,145.9,8.8,50.7,215.4,75.5,false,83.7,3.06,above,-7.5,1.52,10167,25920,-90.35,-125.61,0.4,-292.34,88.98,2590,9.25,8.05,15,23237,22504,25920,27386,1.33,خروج مستمر پول حقیقی
آلومینا,آلومینای ایران,فلزات اساسی,46.1,خنثی,90,45,0.5,40,216600,20260922,-9.7,8.8,29.1,-10.7,-4.3,19.1,59.8,52.6,false,56.4,4.09,above,-15.4,0.99,182300,256100,-72.66,-206.72,0.73,-48.81,35.07,16822,12.88,13.48,-4.5,207732,198864,256100,273836,2.23,خروج مستمر پول حقیقی
زفکا,کشت و دامداری فکا,زراعت و خدمات وابسته,45.6,خنثی,70,30,27.5,47,8030,20260922,-10.3,6.5,6.3,-33.5,-2.3,3.6,48.4,47.5,false,18.8,4.13,above,-12.8,0.73,7815,8130,-37.34,45.88,0.42,-52.3,28.47,910,8.82,8.07,9.3,7815,7649,8130,8470,0.26,
کگل,معدنی و صنعتی گل گهر,استخراج کانه های فلزی,45.6,خنثی,70,28,16,60,2770,20260922,-11.2,-1.5,35.3,-4.5,-7.7,3.6,37.2,42.5,false,37.5,4.03,above,-16.3,0.85,2726,2805,-50.56,67.1,0.44,-254.88,236.46,241,11.49,13.76,-16.5,2726,2670,2805,2931,0.35,
ستران,سیمان‌ تهران‌,سیمان، آهک و گچ,45.4,خنثی,70,30,16.5,57,13290,20260922,-10.4,10.9,28,-11.8,-6.5,5.9,44.4,44.9,false,37.6,4.13,above,-17.3,0.75,13141,16070,-15.4,1.93,0.52,-42.53,34.39,1902,6.99,7.14,-2.1,13141,12867,16070,17167,6.57,
دبالک,مواد اولیه دارویی البرز بالک,مواد و محصولات دارویی,45.1,خنثی,90,65,1.5,19,14670,20260922,-8.3,15.6,155.6,115.7,-5.5,27.3,144.8,54,false,66.4,3.56,above,-18.7,0.87,7440,18040,-60.22,-161.65,0.31,-105.06,57.97,1079,13.6,8.86,53.5,14148,13627,18040,19083,3.23,خروج مستمر پول حقیقی
بمپنا,تولید برق عسلویه  مپنا,عرضه برق، گاز، بخاروآب گرم,45.1,خنثی,90,65,1.5,19,8180,20260922,-8.7,18.7,54,14.2,-0.3,26.2,61.6,58.4,false,54.2,3.51,above,-12.9,0.26,7270,9390,-23.31,-174.59,0.2,-21.66,35.42,576,14.2,10.04,41.4,7893,7605,9390,9965,2.1,خروج مستمر پول حقیقی
حکشتی,کشتیرانی جمهوری اسلامی ایران,حمل ونقل، انبارداری و ارتباطات,45,خنثی,90,38,27.5,14,9020,20260922,-8.1,9.1,39.4,-0.4,-3,7.2,34.9,49.2,false,41.9,3.83,above,-11.9,0.59,8635,9810,-1.31,515.1,0.3,-157.75,124.57,331,27.25,19.33,41,8674,8462,9810,10240,1.42,واگرایی منفی RSI
خگستر,گسترش‌سرمایه‌گذاری‌ایران‌خودرو,خودرو و ساخت قطعات,44.8,خنثی,90,30,17,30,3870,20260922,-11.2,0.5,24.2,-15.6,-6.4,8.9,31.4,46.8,false,41.3,4.12,above,-13.8,0.78,3612,4076,-43.62,68.89,0.51,-247.4,182.08,88,43.98,,,3710,3533,4076,4170,0.61,واگرایی منفی RSI
ثفارس,عمران‌وتوسعه‌فارس‌,انبوه سازی، املاک و مستغلات,44.8,خنثی,65,30,53,24,15540,20260922,-12.2,5.2,15.8,-24,-2.7,7.3,-2.7,48.9,false,34.8,3.73,above,-32.6,0.45,15068,16000,15.6,100.74,0.43,-71.5,82.15,264,58.86,6.61,790.5,15068,14778,16000,16913,0.6,
گدنا,تهیه توزیع غذای دنا آفرین فدک,هتل و رستوران,44.5,خنثی,90,30,2,44,6710,20260922,-12.2,0.9,23.6,-16.2,-5.8,8.8,27.8,46.4,false,42.4,3.8,above,-15.1,0.48,6500,7040,-2.19,-2.23,0.74,-1.9,16.4,1145,5.86,4.69,25,6500,6372,7040,7190,0.98,واگرایی منفی RSI
حفاری,حفاری شمال,استخراج نفت گاز و خدمات جنبی جز اکتشاف,43.6,خنثی,70,30,1.5,65,5470,20260922,-12.2,5,16.9,-22.9,-7.6,6.1,24.9,44,false,41.5,3.87,above,-19.6,0.89,5340,6800,-29.09,-4.05,0.52,-91.37,72.66,2511,2.18,2.24,-2.7,5340,5234,6800,7224,5.64,
سپاها,سیمان‌سپاهان‌,سیمان، آهک و گچ,43.4,خنثی,55,30,26.5,57,18440,20260922,-12.1,0.2,11.6,-28.2,-8.9,-0.8,38.7,40.1,false,23.7,4.09,above,-18,0.66,17305,18870,-1.82,76.39,0.55,-28.47,28.55,2433,7.58,7.14,6.2,17686,16928,18870,20450,0.28,واگرایی منفی RSI
کوثر,بیمه کوثر,بیمه وصندوق بازنشستگی به جزتامین اجتماعی,43.1,خنثی,80,45,26.5,14,1771,20260922,-7,6.4,9.5,-30.3,-0.6,12.7,3.6,54.9,false,42.4,4.05,above,-22.3,0.6,1702,1800,-31.68,30.55,0.61,-38.63,30,53,33.42,18.13,84.3,1702,1666,1800,1875,0.28,واگرایی منفی RSI
دسبحا,گروه دارویی سبحان,مواد و محصولات دارویی,42.9,خنثی,65,40,47.5,14,6050,20260922,-7.9,-6.2,53.6,13.8,-7.9,8.3,80.6,45.6,false,43.8,4,above,-17.3,0.81,3949,6670,67.9,-15.18,1.06,64.14,68.49,189,32.01,12.91,148,5808,5566,6670,7320,1.28,واگرایی منفی RSI
فباهنر,مس‌ شهیدباهنر,فلزات اساسی,42.1,خنثی,70,30,0.5,60,11830,20260922,-12.5,13.5,5.7,-34.1,-4.7,8.3,44.3,47,false,37.4,3.72,above,-16.2,0.85,11436,14110,-116.68,-86.23,0.29,-225.94,91.81,1069,11.07,13.48,-17.9,11436,11216,14110,14991,3.71,
غصینو,صنعتی مینو,محصولات غذایی و آشامیدنی به جز قند و شکر,42,خنثی,46,20,52.8,44,5480,20260922,-12.5,-3.4,6.4,-33.4,-6.9,-2.9,56.5,40.3,false,23.5,4.71,inside,-14.6,0.68,5400,5585,21.51,55.52,0.83,-2.57,29.53,698,7.85,7.05,11.4,5400,5271,5585,5700,0.5,
وتجارت,بانک تجارت,بانکها و موسسات اعتباری,41.9,خنثی,90,40,1.5,26,867,20260922,-11.3,-3.8,45.1,5.3,-9.7,10.9,62.6,44.9,false,49.3,4.07,above,-16.8,0.59,658,953,-999.54,-1282.12,0.4,-1419.99,1032.87,105,8.26,5.4,52.9,832,796,953,1015,1.22,خروج مستمر پول حقیقی
شیران,س. صنایع‌شیمیایی‌ایران,محصولات شیمیایی,41.9,خنثی,65,20,3.5,70,10770,20260922,-3.6,-8.5,26.3,-13.6,-4.5,1,47.2,47.1,false,21.9,3.81,above,-13.5,1.25,10620,10930,-7.11,-19.68,0.65,-53.66,43.99,1359,7.92,9.63,-17.7,10620,10415,10930,11380,0.45,
خودرو,ایران‌ خودرو,خودرو و ساخت قطعات,41.7,خنثی,90,20,1,,667,20260922,-11.7,-2.2,16,-23.8,-7.8,5.6,22.3,43.6,false,31.8,4.12,above,-15.1,0.7,655,674,-391.8,-876.48,0.42,-958.55,657.4,,,,,655,641,674,730,0.27,واگرایی منفی RSI | خروج مستمر پول حقیقی | بدون EPS مثبت
دفرا,فرآورده‌های‌ تزریقی‌ ایران‌,مواد و محصولات دارویی,41.5,خنثی,41,28,54.5,40,44350,20260922,-9.1,-16.4,47.5,7.7,-12.4,-10.9,71.7,30.2,false,27.1,4.58,inside,-20.8,0.81,19770,45310,4.8,25.01,0.57,-12.94,9.62,3353,13.23,12.91,2.5,42319,40289,45310,46720,0.24,
مبین,مبین انرژی خلیج فارس,عرضه برق، گاز، بخاروآب گرم,41.5,خنثی,25,18,54.5,67,12210,20260922,-1.5,-17.4,-2.1,-42,-4.6,-15.7,13.2,36.4,false,26.6,4.48,below,-29.6,1.08,11780,12930,103.36,1694.29,0.6,-381.83,213.49,1581,7.72,7.09,8.9,11780,11506,12930,13295,1.02,
حفارس,حمل و نقل بین المللی خلیج فارس,حمل ونقل، انبارداری و ارتباطات,41.4,خنثی,100,50,1.5,4,8780,20260922,-2.3,42.3,90.5,50.6,11.4,38.8,144.5,76.6,false,69.8,2.99,above,-6.8,0.83,5640,9420,-77.65,-62.06,0.66,-27.87,32.43,149,58.93,19.33,204.8,8518,8256,9420,9944,1.22,خروج مستمر پول حقیقی
دقاضی,داروسازی شهید قاضی,مواد و محصولات دارویی,41.4,خنثی,50,40,26.5,47,20860,20260922,-7.7,-7.1,76.6,36.8,-4.1,-0.3,92.3,46.5,false,28.4,3.86,above,-12.6,0.61,20520,21640,9.22,-60.23,0.73,-14.02,38.09,2413,8.64,8.86,-2.4,20520,20117,21640,22090,1.05,خروج مستمر پول حقیقی
وکار,بانک‌ کارآفرین‌,بانکها و موسسات اعتباری,41,خنثی,100,35,0,16,6240,20260922,0.3,27.1,106.1,66.3,5.1,39.3,128.4,83,false,72,3.51,above,-4.6,0.34,6030,6540,-47.69,-345.01,0.5,-32.56,57.65,650,9.6,5.4,77.8,6030,5921,6540,6978,0.94,اشباع خرید | خروج مستمر پول حقیقی
بجهرم,توسعه مولد نیروگاهی جهرم,عرضه برق، گاز، بخاروآب گرم,40.6,خنثی,65,28,2,60,2990,20260922,-11.3,-9.7,38.5,-1.4,-7.3,4.8,49.8,43.7,false,43.2,3.99,above,-15.1,0.48,2573,3400,-30.63,-170.26,0.66,-10.99,60.63,334,8.95,10.04,-10.8,2871,2751,3400,3520,1.72,واگرایی منفی RSI | خروج مستمر پول حقیقی
وپاسار,بانک  پاسارگاد,بانکها و موسسات اعتباری,40.4,خنثی,41,8,79.8,26,9730,20260922,-10,-8.8,1.7,-38.2,-7.1,-2.9,43.6,39.6,false,30.2,3.77,inside,-14.9,1.84,8940,9860,2686.08,6213.98,1.21,1280.36,504.94,813,11.97,5.4,121.6,9363,8757,9860,10380,0.13,
غپونه,نوش پونه مشهد,محصولات غذایی و آشامیدنی به جز قند و شکر,40.3,خنثی,66,30,1,57,8500,20260922,-6.5,8.4,18.3,-21.5,-2,-0.7,76,47,false,25.7,3.95,inside,-14,0.77,8064,8790,-4.27,-15.8,0.44,-33.14,18.41,1310,6.49,7.05,-8,8165,7896,8790,9110,0.48,
ثشاهد,سرمایه‌ گذاری‌ شاهد,انبوه سازی، املاک و مستغلات,40,خنثی,90,45,2,14,11780,20260922,-7.4,9,25.2,-14.6,-0.6,18,44.9,55.2,false,47.7,3.61,above,-10.6,1.04,10790,13180,-46.62,-49.69,0.6,-58.24,54.03,560,21.04,6.61,218.2,11355,10578,13180,14029,1.16,واگرایی منفی RSI
نان,صنایع غذایی رضوی,محصولات غذایی و آشامیدنی به جز قند و شکر,39.7,اجتناب,70,20,1.6,57,6090,20260922,-12.2,-0.2,6.7,-33.1,-7.3,0,42.6,41.5,false,22,3.95,above,-14.6,0.54,5765,6216,-18.21,-18.86,0.82,-6.92,26.48,929,6.56,7.05,-7,5850,5645,6216,6360,0.28,
وهنر,گروه توسعه هنر ایران,فعالیت های هنری، سرگرمی و خلاقانه,38.7,اجتناب,65,45,2,,4430,20260922,-7.7,7,29.1,-10.7,-2,13.2,-30,52.3,false,35.7,3.96,above,-55.3,0.9,4260,4850,-6.76,-21.7,0.74,-6.18,4.32,,,,,4260,4172,4850,4980,1.63,واگرایی منفی RSI | خروج مستمر پول حقیقی | بدون EPS مثبت
درهآور,دارویی ره آورد تامین,مواد و محصولات دارویی,38.6,اجتناب,65,8,0,70,14270,20260922,-10.2,-11.6,20.7,-19.1,-10.7,0.4,35.1,38.3,false,32.2,4.38,above,-20.2,0.56,13180,15160,-19.17,-91.14,0.34,-34.26,23.38,1808,7.89,8.86,-10.9,13645,12868,15160,16790,0.63,واگرایی منفی RSI | خروج مستمر پول حقیقی
بفجر,فجر انرژی خلیج فارس,عرضه برق، گاز، بخاروآب گرم,38.5,اجتناب,10,8,55.7,80,10700,20260922,-5.2,-18.5,-13.6,-53.4,-5.7,-16.7,-5.8,36.5,false,30.5,4.51,below,-30.9,1.67,10288,11072,162.29,447.29,0.89,-7.97,66.19,1802,5.94,7.09,-16.3,10288,10047,11072,11477,0.57,
وبصادر,بانک صادرات ایران,بانکها و موسسات اعتباری,38.5,اجتناب,90,38,1.5,14,941,20260922,-9.3,1,34.2,-5.6,-6.8,12.3,46.6,48.6,false,45,3.71,above,-12.5,0.64,774,974,-536.39,-160.41,0.48,-468.79,471.51,5,188.2,5.4,3385.2,906,871,974,1072,0.47,
خنور,نورایستا پلاستیک,خودرو و ساخت قطعات,38.1,اجتناب,65,40,16.5,26,8270,20260922,-8.5,-5.4,41.4,1.6,-11.4,5.3,17.7,41.2,false,39.6,4.13,above,-20.9,0.7,7900,8720,-15.63,-33.91,0.69,3.94,17.6,745,11.1,5.87,89.1,7928,7729,8720,9450,0.83,خروج مستمر پول حقیقی
اپرداز,آتیه داده پرداز,اطلاعات و ارتباطات,38,اجتناب,90,30,1,19,5110,20260922,-12.8,14.8,20,-19.8,-3.5,8.6,43.6,48.4,false,49.4,4.02,above,-15.4,0.8,4950,6040,-21.9,-27.39,0.45,-19.77,10.76,332,15.39,11.65,32.1,4950,4847,6040,6451,3.54,خروج مستمر پول حقیقی
برکت,گروه دارویی برکت,مواد و محصولات دارویی,37.9,اجتناب,70,65,1.5,14,4660,20260922,-8.1,0.2,43,3.2,-5.4,13.8,62.9,50.5,false,45.9,3.68,above,-13.7,0.66,4530,5060,-26.72,-83.72,0.54,-82.05,83.17,47,99.15,12.91,668,4530,4444,5060,5400,1.85,واگرایی منفی RSI | خروج مستمر پول حقیقی
غنوش,نوش‌ مازندران‌,محصولات غذایی و آشامیدنی به جز قند و شکر,37.1,اجتناب,70,30,26.5,14,17550,20260922,-8.5,11.5,20.2,-19.6,-1.3,2.1,41.6,49.2,false,24.2,3.69,above,-12.8,1.02,17290,18050,-174.69,224.61,0.49,-126.9,84.98,487,36.04,8.53,322.5,17290,16966,18050,19740,0.86,
کزغال,زغال سنگ پروده طبس,استخراج زغال سنگ,37,اجتناب,70,30,26,14,5340,20260922,-11.3,6.8,4.1,-35.7,-9.1,2.1,31.1,41.6,false,28,3.83,above,-18.8,0.32,5100,5462,-10.28,130.01,0.31,-24.1,31.36,154,34.68,15.48,124,5135,4998,5462,6580,0.36,
والبر,سرمایه‌ گذاری‌ البرز(هلدینگ‌,مواد و محصولات دارویی,36.9,اجتناب,65,30,26.5,19,3710,20260922,-2.4,-5.4,18.3,-21.6,-4.2,6.2,49,49.7,false,27.4,3.73,above,-12.5,0.86,3387,3750,4.74,-57.64,0.73,-27.47,49.42,201,18.46,12.91,43,3571,3318,3750,3860,0.1,خروج مستمر پول حقیقی
خاور,ایران خودرو دیزل,خودرو و ساخت قطعات,36.8,اجتناب,70,20,28,19,1474,20260922,-9.8,-2.8,10.7,-29.1,-8.3,2.5,22.6,42.4,false,31.3,4.46,above,-17,0.69,1431,1567,-2.42,74.27,0.54,-87.45,74.04,91,16.2,5.87,175.9,1431,1398,1567,1722,1.23,
تپمپی,پمپ‌ سازی‌ ایران‌,ماشین آلات و تجهیزات,34.2,اجتناب,90,53,0.5,26,7010,20260922,-6.9,4.5,30.1,-9.8,-1,13.6,62.9,53.4,false,52,3.71,above,-11.3,0.97,6545,7135,-3.58,-13.32,0.57,-3.6,2.21,787,8.91,5.15,73,6750,6415,7135,7900,0.21,نقدشوندگی پایین | واگرایی منفی RSI | خروج مستمر پول حقیقی
انرژی,بورس انرژی ایران,فعالیتهای کمکی به نهادهای مالی واسط,33.3,اجتناب,70,40,3,14,22590,20260922,-8.8,-5.4,43.3,3.5,-7.7,6.2,59.8,45.3,false,37.3,4.3,above,-13.4,0.61,20135,23535,-20.11,-146.9,0.65,-83.77,118.28,522,43.28,5.92,631,21620,20649,23535,25950,0.49,خروج مستمر پول حقیقی
میدکو,توسعه معادن وص.معدنی خاورمیانه,فلزات اساسی,32.9,اجتناب,41,20,52.5,14,6410,20260922,-6.4,-7.9,-2.6,-42.4,-6.9,-1.5,17.3,41.7,false,14.6,3.76,inside,-15.5,0.67,6230,6610,169.73,1143.09,0.57,-19.32,211.67,93,68.92,13.48,411.3,6230,6109,6610,6778,0.67,واگرایی منفی RSI | بدون روند (ADX پایین)
سفارس,سیمان فارس و خوزستان,سیمان، آهک و گچ,31.9,اجتناب,50,8,4,57,25900,20260922,-8.2,-8.2,6.2,-33.6,-9.1,-0.6,38.6,38.4,false,27.3,4.31,above,-16.2,0.79,23461,26675,-2.64,-49.94,0.42,-82.93,87.8,3912,6.62,7.14,-7.3,24785,22903,26675,27370,0.26,واگرایی منفی RSI
تکنو,تکنوتار,ماشین آلات و تجهیزات,31.3,اجتناب,25,37,41.5,24,4120,20260922,-7.2,-17.6,-22.6,-62.4,-9.2,-32.7,22.2,24.2,true,57.3,4.5,below,-55.2,0.43,2511,4300,4,4.28,0.44,-19.56,40.17,154,26.75,5.15,419.5,3935,3749,4300,4382,0.49,
دشیمی,شیمی‌ داروئی‌ داروپخش‌,مواد و محصولات دارویی,30,اجتناب,65,28,0.5,19,40900,20260922,-13.1,-13.1,96.6,56.7,-14,6.5,85.9,38.5,false,55,4.06,above,-22.3,0.74,23770,46380,-11.53,-91.22,0.34,-26.1,18.29,2096,19.51,12.91,51.1,39238,37576,46380,51120,1.65,واگرایی منفی RSI | خروج مستمر پول حقیقی
غگل,گلوکوزان‌,محصولات غذایی و آشامیدنی به جز قند و شکر,28.8,اجتناب,41,20,3,47,6460,20260922,-11.5,-10,-8.2,-48,-6.1,-2.4,33.5,40.8,false,18.1,3.83,inside,-13.6,0.46,6240,6633,-2.55,-3.66,0.39,-14.1,15.71,706,9.15,8.53,7.3,6240,6116,6633,6889,0.5,واگرایی منفی RSI
افرا,افرانت,رایانه و فعالیت‌های وابسته به آن,27.8,اجتناب,25,12,42.5,29,8810,20260922,-11.3,-30.6,-29.4,-69.2,-15,-20.4,28.1,26.3,false,29.3,4.45,below,-36.7,0.54,6348,10020,0.71,3.81,0.55,-45.68,45.49,605,14.56,8.89,63.8,8418,8026,10020,10240,1.54,
تکشا,گسترش‌صنایع‌وخدمات‌کشاورزی‌,ماشین آلات و تجهیزات,23.5,اجتناب,40,8,15.5,24,9270,20260922,-9.7,-0.1,-28.6,-68.5,-6.5,-2.1,9.6,38.9,false,21.7,4.46,below,-37.6,0.54,9010,9390,-0.57,4.25,0.47,-14.87,10.86,310,29.9,5.15,480.6,9010,8803,9390,9565,0.26,
غگز,صنایع غذایی سکه,محصولات غذایی و آشامیدنی به جز قند و شکر,23.4,اجتناب,15,43,17,24,3190,20260922,-11.1,4.9,-40.4,-80.2,-7.1,-19.8,-2,32,true,26.7,4.41,below,-48.5,0.36,3080,3371,-0.83,2.4,0.29,-46.33,44.89,81,39.38,7.05,458.6,3080,3010,3371,3920,1,
پلاست,کارخانجات تولیدی پلاستیران,لاستیک و پلاستیک,16.2,اجتناب,25,12,1,24,1908,20260922,-12.5,-15.2,-35.2,-75,-11.1,-25.3,14.8,25.2,false,38.8,4.42,below,-48.2,0.36,1634,2012,-0.27,-7.01,0.35,-50.74,49.95,93,20.52,9.84,108.5,1824,1739,2012,2150,0.62,
